Name,Screener,LTP,Change(%),Open,Volume,Market Cap (Cr.),PE Ratio,Industry PE,52W High,52W Low,1M Returns,3M Returns,1 Yr Returns,3 Yr Returns,5 Yr Returns,PB Ratio,Dividend,ROE,ROCE,EPS,50 DMA,200 DMA,RSI,Margin Funding,Margin Pledge
"Reliance Industries","https://scanx.trade/company/reliance-industries-ltd","1,354.50","0.36%","1,350.00","71,05,813","18,32,973.42","19.07","9.14","1,611.80","1,290.00","0.09%","-4.57%","-5.23%","22.20%","49.01%","2.02","0.44%","8.54%","8.71%","101.61","1,375.47","1,429.42","45.85","78.00%","91.00%"
"HDFC Bank","https://scanx.trade/company/hdfc-bank-ltd","766.80","1.01%","759.15","2,56,04,071","11,80,257.23","14.75","17.92","1,020.50","726.65","-5.54%","-15.91%","-20.41%","-6.88%","2.42%","2.01","2.04%","13.93%","6.38%","89.49","787.25","922.57","45.35","78.00%","91.00%"
"Bharti Airtel","https://scanx.trade/company/bharti-airtel-ltd","1,871.40","-0.74%","1,891.30","50,99,120","11,40,263.45","33.96","32.19","2,174.50","1,740.50","0.88%","-5.36%","2.68%","132.26%","259.08%","7.71","1.27%","8.11%","18.01%","21.42","1,837.85","1,958.61","52.22","78.00%","91.00%"
"ICICI Bank","https://scanx.trade/company/icici-bank-ltd","1,264.30","1.73%","1,242.00","1,16,01,085","9,05,099.59","15.38","17.92","1,500.00","1,187.60","-8.94%","-9.34%","-12.49%","32.48%","96.79%","2.50","0.96%","16.67%","6.13%","64.38","1,277.73","1,360.91","48.05","78.00%","91.00%"
"State Bank of India","https://scanx.trade/company/state-bank-of-india-ltd","949.20","-0.18%","950.90","78,07,192","8,76,170.22","10.13","8.71","1,234.70","779.10","-14.63%","-21.95%","20.59%","65.04%","136.59%","1.54","1.82%","15.83%","5.57%","81.94","1,044.57","978.43","31.89","78.00%","89.89%"
"Tata Consultancy Services","https://scanx.trade/company/tcs-tata-consultancy-services-ltd","2,317.30","-0.43%","2,331.10","26,17,262","8,38,419.42","17.03","25.39","3,545.00","2,206.40","-11.23%","-13.73%","-34.28%","-28.10%","-24.78%","7.85","4.73%","50.48%","54.93%","131.54","2,432.45","2,900.60","39.16","78.00%","90.81%"
"Bajaj Finance","https://scanx.trade/company/bajaj-finance-ltd","916.55","0.98%","908.10","48,11,990","5,70,321.58","29.24","42.91","1,102.50","787.90","-2.38%","-11.03%","-0.35%","35.10%","62.75%","4.96","0.66%","18.84%","10.98%","241.14","900.01","961.80","48.66","76.00%","88.33%"
"Larsen & Toubro","https://scanx.trade/company/lt-larsen-toubro-ltd","3,926.60","-0.05%","3,907.00","13,30,428","5,40,147.62","28.51","-7.93","4,440.00","3,288.10","-3.65%","-10.36%","9.41%","79.29%","176.90%","4.94","0.97%","15.18%","18.71%","96.60","3,846.13","3,880.47","48.49","76.00%","89.11%"
"Hindustan Unilever","https://scanx.trade/company/hindustan-unilever-ltd","2,203.60","1.13%","2,180.00","13,82,889","5,17,755.93","34.00","38.75","2,705.09","2,022.50","-4.63%","-4.79%","-5.23%","-15.19%","-5.17%","10.50","1.88%","19.99%","23.38%","43.99","2,200.72","2,370.16","44.18","78.00%","91.00%"
"LIC of India","https://scanx.trade/company/lic-of-india-ltd","812.95","1.59%","835.00","1,88,03,486","5,14,190.69","9.56","42.91","980.00","721.50","-1.35%","-6.91%","-4.78%","43.88%","-7.12%","3.57","1.25%","49.36%","0.87%","66.13","793.62","854.14","54.72","76.00%","87.50%"
"Infosys","https://scanx.trade/company/infosys-ltd","1,174.50","-0.57%","1,182.50","88,03,066","4,76,305.69","16.26","25.39","1,728.00","1,089.00","-10.56%","-13.21%","-25.12%","-7.44%","-13.29%","5.44","4.06%","29.67%","38.99%","64.20","1,234.69","1,445.71","46.18","78.00%","89.12%"
"Sun Pharmaceutical","https://scanx.trade/company/sun-pharmaceutical-ltd","1,844.60","-2.47%","1,903.00","36,10,732","4,42,581.33","41.43","13.45","1,916.60","1,548.00","10.77%","6.97%","6.51%","99.23%","167.18%","5.83","0.85%","14.38%","18.92%","43.95","1,773.69","1,711.40","54.75","78.00%","91.00%"
"Adani Power","https://scanx.trade/company/adani-power-ltd","219.32","-0.00%","220.50","1,70,90,471","4,22,951.92","32.60","40.56","234.40","105.42","8.05%","53.69%","98.93%","364.46%","984.67%","6.52","-","48.28%","20.42%","41.44","188.24","153.02","59.92","60.00%","82.26%"
"Adani Ports & SEZ","https://scanx.trade/company/adani-ports-sez-ltd","1,786.90","-0.36%","1,793.30","14,87,044","4,11,694.45","32.32","35.52","1,823.90","1,290.50","12.09%","18.22%","29.06%","159.69%","132.31%","4.30","0.42%","15.69%","13.60%","46.34","1,549.26","1,469.56","65.63","75.01%","80.00%"
"Maruti Suzuki","https://scanx.trade/company/maruti-suzuki-ltd","12,987.00","-0.18%","13,100.00","3,87,975","4,08,314.62","27.86","46.98","17,370.00","12,016.00","-3.52%","-13.29%","2.95%","42.62%","90.57%","3.82","1.08%","15.75%","19.54%","467.71","13,114.92","14,858.88","43.30","78.00%","90.58%"
"Axis Bank","https://scanx.trade/company/axis-bank-ltd","1,285.40","2.56%","1,254.10","50,16,900","3,99,466.44","14.68","17.92","1,418.30","1,042.50","-6.70%","-6.06%","7.31%","39.11%","75.87%","1.82","0.08%","16.77%","6.50%","86.46","1,272.47","1,234.85","52.50","78.00%","90.26%"
"Mahindra & Mahindra","https://scanx.trade/company/mahindra-mahindra-ltd","3,081.30","-0.57%","3,095.00","24,07,171","3,83,168.54","20.70","46.98","3,839.90","2,896.00","-5.11%","-9.71%","-0.30%","144.47%","276.25%","4.14","0.96%","15.83%","15.04%","88.80","3,131.90","3,434.28","44.34","76.00%","88.14%"
"Kotak Bank","https://scanx.trade/company/kotak-mahindra-bank-ltd","384.15","0.87%","381.00","1,03,48,359","3,82,093.15","19.64","17.92","453.20","345.50","0.52%","-8.83%","-7.27%","-1.08%","9.28%","2.09","0.17%","13.83%","6.51%","93.78","375.19","406.59","53.47","78.00%","91.00%"
"ITC","https://scanx.trade/company/itc-ltd","301.70","-2.06%","305.90","3,07,51,752","3,78,006.85","10.91","15.27","444.20","287.00","-2.57%","-7.74%","-30.32%","-24.04%","52.56%","5.43","4.71%","27.71%","36.57%","16.36","303.66","362.83","42.90","78.00%","91.00%"
"NTPC","https://scanx.trade/company/ntpc-ltd","388.65","-0.04%","389.95","1,17,55,213","3,76,860.93","15.19","40.56","414.40","315.55","-1.91%","4.21%","12.28%","124.26%","244.40%","1.96","2.15%","12.31%","9.85%","22.08","387.37","351.89","46.32","76.00%","91.00%"
"Oil & Natural Gas Corporation","https://scanx.trade/company/oil-natural-gas-corporation-ltd","290.00","-1.98%","295.80","1,15,63,330","3,64,828.10","8.28","-321.63","307.50","228.61","2.44%","4.07%","16.62%","75.86%","157.21%","1.01","4.14%","15.64%","11.31%","36.35","283.47","256.03","49.62","76.00%","89.40%"
"Titan","https://scanx.trade/company/titan-ltd","4,079.80","-0.08%","4,057.20","7,68,112","3,62,199.00","71.47","225.57","4,605.00","3,303.10","-8.93%","-3.70%","13.94%","51.01%","165.21%","23.09","0.37%","37.22%","36.95%","38.91","4,241.02","3,927.45","39.42","78.00%","90.33%"
"Adani Enterprises","https://scanx.trade/company/adani-enterprises-ltd","2,717.30","0.73%","2,710.20","10,94,843","3,51,046.14","35.24","13.90","2,803.10","1,753.00","22.07%","25.75%","12.09%","43.29%","113.12%","4.33","0.05%","7.45%","10.92%","37.44","2,219.03","2,262.31","71.97","71.37%","80.00%"
"UltraTech Cement","https://scanx.trade/company/ultratech-cement-ltd","11,569.00","0.83%","11,531.00","3,40,427","3,40,914.33","41.32","242.39","13,110.00","10,325.00","-3.90%","-9.38%","-0.83%","50.61%","74.29%","4.42","2.09%","11.62%","9.06%","243.84","11,467.64","12,036.89","47.63","78.00%","90.26%"
"HCL Technologies","https://scanx.trade/company/hcl-technologies-ltd","1,164.00","-0.36%","1,169.90","20,44,782","3,15,870.62","19.04","25.39","1,780.10","1,103.40","-19.23%","-18.97%","-29.54%","6.27%","25.07%","4.22","4.62%","23.01%","30.84%","60.53","1,299.53","1,482.40","36.23","76.00%","89.05%"
"JSW Steel","https://scanx.trade/company/jsw-steel-ltd","1,285.50","0.33%","1,284.20","5,88,674","3,14,363.11","12.30","21.18","1,314.00","962.15","0.46%","4.02%","28.43%","85.27%","84.12%","3.14","0.69%","11.25%","7.49%","28.47","1,219.46","1,166.33","57.40","76.00%","89.80%"
"Bharat Electronics","https://scanx.trade/company/bharat-electronics-ltd","416.55","-0.92%","421.45","91,75,611","3,04,488.84","50.75","7.94","473.45","361.20","-7.74%","-5.58%","8.76%","289.30%","692.98%","12.82","0.59%","24.13%","33.72%","5.80","433.97","415.06","40.45","75.80%","87.50%"
"Bajaj Auto","https://scanx.trade/company/bajaj-auto-ltd","10,549.50","-1.10%","10,667.00","2,07,805","2,94,856.24","28.20","1.72","10,785.00","7,858.50","7.72%","7.57%","21.43%","135.31%","155.71%","7.68","1.41%","26.61%","24.90%","286.76","9,655.13","9,244.71","60.91","76.00%","90.07%"
"Hindustan Aeronautics","https://scanx.trade/company/hal-hindustan-aeronautics-ltd","4,368.40","-0.05%","4,370.40","8,45,826","2,92,147.67","32.04","10.67","5,147.00","3,479.10","0.23%","4.76%","-12.65%","184.28%","752.04%","7.12","0.80%","26.15%","17.49%","113.89","4,171.32","4,413.03","49.03","74.66%","87.05%"
"Bajaj Finserv","https://scanx.trade/company/bajaj-finserv-ltd","1,766.00","0.79%","1,760.00","3,92,442","2,82,657.13","14.26","42.91","2,195.00","1,597.00","-4.61%","-14.21%","-13.32%","24.80%","56.77%","3.60","0.09%","15.03%","10.65%","52.25","1,764.89","1,958.30","48.54","76.00%","90.29%"
"Coal India","https://scanx.trade/company/coal-india-ltd","456.55","-0.79%","460.00","92,01,635","2,81,359.36","9.13","13.82","491.25","368.65","3.02%","7.79%","12.63%","90.31%","210.16%","2.38","5.81%","44.71%","24.48%","59.34","455.31","412.21","48.46","76.00%","90.02%"
"Nestle","https://scanx.trade/company/nestle-india-ltd","1,423.10","1.18%","1,410.50","13,06,017","2,74,418.41","77.47","21.25","1,498.10","1,084.70","3.13%","9.99%","18.96%","31.22%","62.67%","52.57","0.85%","117.72%","59.30%","33.58","1,321.32","1,260.30","55.45","78.00%","91.00%"
"Power Grid Corporation of India","https://scanx.trade/company/power-grid-corporation-of-india-ltd","294.30","-1.75%","298.70","1,51,05,294","2,73,716.77","17.49","40.56","324.95","250.00","-7.84%","-1.56%","-0.62%","67.90%","129.53%","2.77","4.51%","18.53%","12.27%","16.88","305.15","285.77","34.57","76.00%","90.76%"
"Avenue Supermarts DMart","https://scanx.trade/company/dmart-avenue-supermarts-ltd","4,117.00","-0.49%","4,145.00","2,07,036","2,67,906.80","90.83","13.90","4,949.50","3,529.00","-10.29%","6.48%","0.10%","21.26%","35.69%","11.03","-","13.56%","16.93%","40.74","4,246.01","4,153.45","34.63","76.00%","87.50%"
"Hindustan Zinc","https://scanx.trade/company/hindustan-zinc-ltd","632.25","0.67%","631.80","38,70,439","2,67,145.79","19.19","13.82","733.00","413.50","7.43%","7.28%","43.03%","105.04%","83.50%","11.73","3.34%","51.06%","62.89%","19.26","582.02","539.05","55.90","58.00%","83.10%"
"Tata Steel","https://scanx.trade/company/tata-steel-ltd","209.19","0.29%","209.60","2,20,23,114","2,61,142.90","23.92","21.18","224.40","149.80","-1.33%","0.40%","29.42%","99.89%","87.93%","2.59","1.92%","-5.31%","8.15%","1.60","204.57","183.94","47.97","76.00%","88.33%"
"Asian Paints","https://scanx.trade/company/asian-paints-ltd","2,639.80","1.58%","2,606.10","15,56,434","2,53,209.03","63.75","37.65","2,985.70","2,115.00","3.78%","8.72%","14.16%","-14.42%","-6.80%","12.73","0.95%","28.61%","23.98%","52.96","2,391.11","2,534.61","65.34","78.00%","90.33%"
"Hindalco Industries","https://scanx.trade/company/hindalco-industries-ltd","1,109.20","0.90%","1,099.00","41,36,312","2,49,262.37","15.36","87.97","1,110.90","618.00","8.57%","18.54%","67.30%","172.70%","184.56%","1.83","0.45%","9.57%","12.85%","48.78","993.48","866.28","64.11","76.00%","87.89%"
"Eternal","https://scanx.trade/company/zomato-ltd","241.95","-0.04%","243.18","2,35,37,777","2,33,490.23","637.11","35.52","368.45","212.60","-6.76%","-10.21%","5.21%","275.12%","92.02%","7.53","-","1.72%","2.63%","0.68","241.78","287.28","45.74","72.84%","84.74%"
"Adani Green Energy","https://scanx.trade/company/adani-green-energy-ltd","1,362.30","0.30%","1,364.00","16,81,359","2,24,394.81","112.70","40.56","1,471.00","765.00","18.46%","40.70%","36.71%","51.88%","4.86%","11.21","-","7.22%","8.15%","8.71","1,104.21","1,020.10","64.37","68.03%","80.00%"
"Shriram Finance","https://scanx.trade/company/shriram-transport-finance-company-ltd","941.00","2.87%","916.25","54,14,742","2,21,387.79","21.48","42.91","1,108.00","566.50","-9.98%","-11.17%","43.01%","251.30%","218.17%","2.04","0.94%","14.88%","10.65%","201.17","971.80","853.67","45.73","75.03%","84.99%"
"Grasim Industries","https://scanx.trade/company/grasim-industries-ltd","3,155.30","0.03%","3,178.00","9,06,466","2,14,725.84","20.84","98.41","3,180.00","2,502.50","13.59%","11.38%","16.57%","84.60%","130.92%","2.07","0.32%","7.14%","5.94%","85.43","2,770.19","2,797.74","77.19","78.00%","90.56%"
"Wipro","https://scanx.trade/company/wipro-ltd","203.11","1.69%","200.00","4,00,14,399","2,13,024.30","15.81","25.39","273.10","186.50","-0.93%","-3.22%","-19.05%","5.18%","-20.77%","2.38","5.50%","14.88%","19.06%","21.37","197.79","232.57","58.90","76.00%","89.82%"
"Indian Oil Corporation","https://scanx.trade/company/indian-oil-corporation-ltd","139.47","-0.75%","140.53","1,20,77,225","1,96,948.91","4.54","9.14","188.96","130.22","-5.32%","-19.75%","-2.73%","62.08%","100.59%","0.90","0.89%","22.94%","9.53%","21.83","143.50","154.86","46.63","76.00%","87.50%"
"Eicher Motors","https://scanx.trade/company/eicher-motors-ltd","6,981.50","1.30%","6,925.00","5,12,596","1,91,512.46","35.33","40.49","8,230.00","5,219.50","-3.58%","-12.03%","29.07%","95.51%","176.79%","8.57","1.01%","22.17%","26.14%","152.70","7,039.18","6,987.39","45.83","78.00%","89.14%"
"SBI Life Insurance","https://scanx.trade/company/sbi-life-insurance-ltd","1,870.70","0.58%","1,872.00","9,34,443","1,87,634.35","75.53","42.91","2,132.00","1,720.00","-2.14%","-10.06%","6.05%","62.08%","93.00%","9.78","0.15%","12.70%","0.56%","20.29","1,874.18","1,925.53","50.89","78.00%","91.00%"
"Divis Laboratories","https://scanx.trade/company/divis-laboratories-ltd","6,887.00","0.42%","6,858.00","3,54,149","1,82,828.21","73.47","31.53","7,071.50","5,636.50","9.56%","9.47%","5.11%","122.28%","68.80%","11.82","0.44%","11.79%","18.85%","63.06","6,341.50","6,303.50","66.48","76.00%","87.50%"
"Varun Beverages","https://scanx.trade/company/varun-beverages-ltd","539.45","3.77%","532.00","1,85,10,994","1,82,447.08","54.83","36.17","534.70","381.00","11.20%","18.86%","12.58%","69.90%","511.97%","8.99","0.29%","29.67%","19.45%","18.65","458.44","469.47","72.03","75.00%","87.24%"
"Interglobe Aviation","https://scanx.trade/company/indigo-interglobe-aviation-ltd","4,438.60","0.81%","4,425.10","6,75,234","1,71,602.05","53.01","10.36","6,232.50","3,895.20","-5.42%","-8.57%","-18.73%","95.81%","162.25%","19.71","0.23%","409.35%","15.53%","202.26","4,352.45","5,144.19","53.15","76.00%","80.00%"
"BSE","https://scanx.trade/company/bse-ltd","4,193.80","0.16%","4,200.00","24,89,857","1,71,058.42","68.56","35.52","4,298.90","2,021.50","19.28%","53.09%","72.23%","2,300.43%","4,952.16%","25.56","0.24%","22.34%","30.53%","44.38","3,382.96","2,774.42","76.55","65.00%","80.37%"
"Adani Energy Solutions","https://scanx.trade/company/adani-transmission-ltd","1,367.90","1.91%","1,365.00","33,44,194","1,64,323.45","67.26","40.56","1,463.65","744.90","8.11%","37.05%","56.84%","73.73%","-5.91%","6.33","-","8.73%","6.77%","12.54","1,178.66","989.84","61.74","68.33%","80.00%"
"Solar Industries","https://scanx.trade/company/solar-industries-ltd","18,132.00","-1.41%","18,400.00","1,56,707","1,64,076.57","95.80","11.33","18,699.00","11,646.00","21.29%","36.37%","27.76%","377.10%","1,320.45%","26.50","0.06%","25.54%","30.18%","102.22","14,917.42","13,938.02","74.27","74.84%","85.98%"
"TVS Motors","https://scanx.trade/company/tvs-motors-ltd","3,417.50","1.09%","3,380.00","9,24,915","1,62,361.02","50.40","40.49","3,970.00","2,655.10","-8.93%","-10.45%","23.50%","175.57%","446.80%","16.79","-","23.68%","22.61%","36.05","3,542.10","3,540.94","43.79","76.00%","87.50%"
"Hitachi Energy","https://scanx.trade/company/abb-power-products-systems-ltd","35,555.00","-2.46%","36,585.00","1,18,548","1,58,477.04","193.09","2.93","36,750.00","15,870.00","18.95%","48.95%","114.17%","781.83%","1,905.58%","35.44","0.02%","12.04%","13.08%","40.53","29,174.70","22,166.68","67.70","50.00%","80.57%"
"Trent","https://scanx.trade/company/trent-ltd","4,296.50","3.02%","4,189.00","10,87,977","1,52,735.19","86.12","13.90","6,261.00","3,275.50","-2.14%","5.02%","-21.07%","187.76%","419.62%","21.22","0.14%","36.01%","29.27%","35.43","3,923.13","4,375.30","60.88","72.77%","85.42%"
"Torrent Pharmaceuticals","https://scanx.trade/company/torrent-pharmaceuticals-ltd","4,486.20","0.38%","4,474.30","2,05,928","1,51,833.39","66.60","33.03","4,555.10","3,102.00","8.47%","5.76%","36.40%","169.94%","230.12%","17.91","0.13%","24.16%","28.48%","49.44","4,262.95","3,907.01","61.90","78.00%","87.50%"
"Jio Financial Services","https://scanx.trade/company/jio-financial-services-ltd","238.19","1.02%","236.11","1,35,17,010","1,51,325.48","99.89","42.91","338.60","223.30","1.47%","-7.89%","-13.18%","-4.30%","-4.30%","1.10","0.24%","1.15%","1.49%","2.50","239.34","282.16","48.08","75.00%","87.50%"
"Pidilite Industries","https://scanx.trade/company/pidilite-industries-ltd","1,478.40","0.38%","1,474.10","5,33,048","1,50,466.57","60.59","11.33","1,574.95","1,259.00","5.01%","0.92%","-0.98%","15.20%","49.48%","13.82","1.46%","20.28%","26.80%","36.93","1,383.08","1,462.60","61.54","78.00%","87.50%"
"Hyundai Motor India","https://scanx.trade/company/hyundai-motor-india-ltd","1,848.60","0.18%","1,850.10","17,36,999","1,50,206.35","27.60","46.98","2,890.00","1,658.00","-1.97%","-19.39%","-3.21%","1.59%","1.59%","7.49","1.14%","-","40.99%","-","1,855.92","2,222.21","51.13","65.00%","87.50%"
"Vodafone Idea","https://scanx.trade/company/vodafone-idea-ltd","13.73","0.81%","13.62","75,62,53,332","1,48,754.99","4.27","32.19","13.88","6.12","43.77%","23.03%","103.11%","94.75%","60.58%","-4.13","-","29.99%","-1.99%","-","10.24","9.71","83.61","65.99%","77.91%"
"Cummins","https://scanx.trade/company/cummins-india-ltd","5,353.00","-0.69%","5,375.00","2,30,767","1,48,385.16","66.60","61.26","5,470.50","2,915.60","4.62%","13.08%","79.58%","226.46%","542.23%","18.91","0.96%","26.02%","32.98%","66.04","4,996.20","4,393.71","57.74","76.00%","87.50%"
"DLF","https://scanx.trade/company/dlf-ltd","586.70","-0.21%","588.90","18,95,533","1,45,226.73","32.98","14.55","886.80","489.40","-3.43%","-6.77%","-24.31%","24.33%","118.59%","3.20","1.36%","4.13%","5.62%","11.50","569.85","676.86","51.17","76.00%","87.40%"
"Samvardhana Motherson International","https://scanx.trade/company/motherson-sumi-systems-ltd","136.18","-0.60%","137.30","3,43,27,232","1,43,730.40","35.43","130.68","138.40","89.70","9.21%","5.22%","37.79%","154.88%","50.34%","3.53","-","10.70%","14.07%","4.75","121.08","113.51","63.60","75.72%","85.23%"
"Bharat Heavy Electricals","https://scanx.trade/company/bhel-bharat-heavy-electricals-ltd","408.55","0.10%","408.50","78,79,542","1,42,259.70","88.76","2.93","417.90","205.12","22.83%","58.78%","65.12%","410.37%","465.86%","5.44","0.34%","1.15%","3.75%","0.29","318.65","270.61","71.09","72.83%","83.87%"
"Power Finance Corporation","https://scanx.trade/company/power-finance-corporation-ltd","430.55","-0.10%","432.00","36,09,645","1,42,085.88","4.23","32.82","486.50","329.90","-8.61%","4.99%","4.33%","224.89%","352.83%","1.07","-","19.70%","9.24%","62.81","433.63","399.42","42.63","72.83%","86.34%"
"ABB","https://scanx.trade/company/abb-ltd","6,689.50","1.39%","6,600.50","3,71,775","1,41,756.11","46.98","2.93","7,822.50","4,637.50","-7.79%","11.73%","13.64%","71.76%","366.79%","17.85","0.60%","21.00%","28.46%","75.95","6,639.58","5,608.02","49.65","75.96%","87.00%"
"Polycab","https://scanx.trade/company/polycab-india-ltd","9,263.50","0.76%","9,227.50","1,77,024","1,39,462.46","51.11","21.79","9,309.50","5,760.00","16.44%","17.72%","52.99%","169.21%","469.48%","11.53","0.51%","21.87%","27.96%","118.40","7,973.30","7,579.36","72.46","74.12%","86.14%"
"Tech Mahindra","https://scanx.trade/company/tech-mahindra-ltd","1,422.20","0.15%","1,425.00","6,54,078","1,39,344.27","28.96","25.39","1,854.00","1,304.10","-5.24%","-2.38%","-11.01%","32.65%","45.05%","4.69","3.25%","8.83%","18.78%","25.74","1,418.62","1,493.69","48.91","76.00%","89.08%"
"Bank of Baroda","https://scanx.trade/company/bank-of-baroda-ltd","265.40","0.87%","263.45","1,88,28,819","1,37,247.95","6.78","8.71","325.50","230.52","-6.57%","-14.12%","9.99%","45.90%","228.47%","0.82","3.24%","15.25%","5.69%","36.82","271.06","274.81","47.50","76.00%","87.50%"
"CG Power & Industrial Solutions","https://scanx.trade/company/cg-power-and-industrial-solutions-ltd","865.70","0.09%","866.90","20,28,217","1,36,340.62","113.67","2.93","886.80","525.50","7.51%","21.56%","24.74%","154.13%","882.08%","17.09","0.15%","28.86%","31.58%","5.88","766.95","710.75","62.82","74.12%","85.86%"
"Siemens","https://scanx.trade/company/siemens-ltd","3,811.70","2.45%","3,720.60","5,34,453","1,35,742.45","74.98","2.93","3,930.00","2,826.00","2.42%","18.89%","15.83%","105.96%","286.01%","10.03","0.32%","14.98%","22.43%","68.99","3,461.47","3,223.69","60.06","74.98%","86.23%"
"Tata Motors Passenger Vehicles","https://scanx.trade/company/tata-motors-passenger-vehicles-ltd","363.35","0.55%","364.50","69,34,910","1,33,808.20","1.61","46.98","450.40","294.30","2.09%","-3.88%","-17.42%","14.34%","91.70%","1.19","0.83%","34.17%","18.34%","102.18","337.32","373.40","59.90","76.00%","87.33%"
"HDFC Life Insurance","https://scanx.trade/company/hdfc-life-insurance-ltd","616.60","0.37%","619.00","34,81,863","1,33,038.59","69.33","42.91","820.75","555.10","0.39%","-15.38%","-18.84%","10.58%","-8.07%","7.47","0.34%","10.73%","0.60%","7.61","610.57","716.40","53.12","78.00%","90.88%"
"Muthoot Finance","https://scanx.trade/company/muthoot-finance-ltd","3,296.70","0.73%","3,278.80","3,67,680","1,32,352.11","12.39","42.91","4,149.50","2,028.10","-8.68%","-4.72%","57.77%","218.55%","160.57%","3.36","0.92%","16.57%","13.76%","111.25","3,396.09","3,373.41","42.34","76.00%","85.27%"
"Cholamandalam Investment","https://scanx.trade/company/cholamandalam-investment-ltd","1,539.80","2.38%","1,514.70","12,87,931","1,31,167.81","24.51","42.91","1,831.50","1,299.40","-3.11%","-7.77%","-7.02%","47.58%","164.21%","4.21","0.13%","17.41%","9.61%","43.53","1,532.66","1,614.15","46.88","75.93%","86.43%"
"Tata Power","https://scanx.trade/company/tata-power-ltd","408.90","-0.39%","411.00","43,98,760","1,30,657.43","25.62","40.56","464.90","342.50","-6.23%","8.17%","1.75%","98.64%","289.80%","3.32","0.61%","11.17%","9.90%","11.48","411.51","390.10","42.85","76.00%","87.50%"
"Vedanta","https://scanx.trade/company/vedanta-ltd","329.95","0.06%","331.00","1,40,86,715","1,29,023.25","5.14","13.82","340.65","157.17","14.99%","29.19%","101.42%","212.72%","222.19%","2.60","13.65%","17.92%","28.36%","13.95","282.75","223.52","62.41","75.86%","85.09%"
"Britannia Industries","https://scanx.trade/company/britannia-industries-ltd","5,331.50","-0.03%","5,341.00","4,98,183","1,28,418.93","50.62","21.25","6,336.00","5,279.50","-8.67%","-12.58%","-2.95%","18.48%","55.18%","25.15","1.70%","53.81%","58.72%","91.68","5,618.05","5,838.60","36.50","78.00%","87.50%"
"IRFC","https://scanx.trade/company/indian-railway-finance-corp-ltd","98.19","0.02%","98.17","60,16,639","1,28,319.66","18.31","32.82","148.95","87.00","-5.23%","-12.24%","-28.89%","193.10%","320.51%","2.26","-","13.04%","5.81%","4.93","99.43","115.12","41.69","72.21%","85.56%"
"Bharat Petroleum","https://scanx.trade/company/bharat-petroleum-ltd","295.60","-0.27%","297.00","53,66,953","1,28,246.22","4.97","9.14","391.65","266.60","-7.06%","-19.30%","-6.41%","64.09%","28.23%","1.28","-","35.51%","17.05%","44.92","299.47","337.56","47.64","76.00%","87.50%"
"Jindal Steel","https://scanx.trade/company/jindal-steel-ltd","1,209.90","1.09%","1,198.60","8,05,924","1,23,420.46","36.32","21.18","1,306.20","882.65","-6.12%","-0.59%","24.93%","131.60%","200.11%","2.40","0.17%","13.28%","8.16%","54.82","1,207.17","1,095.91","45.31","76.00%","87.50%"
"Union Bank of India","https://scanx.trade/company/union-bank-of-india-ltd","160.72","0.37%","160.00","85,63,944","1,22,687.31","6.29","8.71","205.49","124.64","-16.02%","-17.15%","15.24%","131.75%","329.73%","0.95","3.12%","14.05%","6.23%","18.56","173.96","158.47","37.95","73.93%","85.35%"
"Apollo Hospitals","https://scanx.trade/company/apollo-hospitals-ltd","8,362.50","0.65%","8,308.50","5,64,876","1,20,239.92","59.62","50.08","8,388.00","6,696.50","7.99%","9.81%","19.74%","88.04%","157.49%","12.61","0.24%","12.53%","15.53%","72.05","7,690.25","7,520.48","72.11","75.00%","91.00%"
"LTM","https://scanx.trade/company/lti-larsen-toubro-infotech-ltd","4,007.80","-2.95%","4,135.00","4,99,528","1,18,828.59","24.58","25.39","6,429.50","3,907.30","-15.77%","-18.03%","-20.38%","-16.56%","9.63%","5.10","1.81%","22.89%","25.78%","154.11","4,309.95","5,248.16","39.78","76.00%","87.50%"
"Punjab National Bank","https://scanx.trade/company/punjab-national-bank-ltd","102.66","0.73%","102.27","1,36,95,251","1,17,986.56","6.34","8.71","135.15","98.50","-10.03%","-20.78%","0.75%","108.45%","169.80%","0.83","2.95%","8.25%","5.75%","10.66","108.96","115.43","40.16","76.00%","87.50%"
"Tata Consumer Products","https://scanx.trade/company/tata-consumer-products-ltd","1,191.80","-0.26%","1,198.00","18,08,205","1,17,935.52","76.44","19.09","1,282.70","1,007.20","4.36%","3.08%","4.65%","57.64%","85.72%","5.43","0.84%","7.46%","8.29%","13.53","1,125.00","1,136.17","53.52","78.00%","90.46%"
"HDFC AMC","https://scanx.trade/company/hdfc-asset-management-company-ltd","2,738.70","0.40%","2,739.00","5,25,571","1,17,325.96","40.91","42.91","2,967.25","2,205.60","-1.98%","0.85%","13.75%","203.52%","94.68%","12.67","1.98%","27.46%","39.50%","96.87","2,585.06","2,689.87","54.38","76.00%","87.01%"
"Bajaj Holdings & Investments","https://scanx.trade/company/bajaj-holdings-and-investments-ltd","10,483.00","0.78%","10,389.00","29,263","1,16,668.99","11.81","42.91","14,763.00","8,588.00","1.49%","-6.30%","-20.23%","66.44%","192.15%","1.58","1.88%","11.70%","8.98%","670.52","9,994.72","11,495.17","56.21","68.52%","87.47%"
"Canara Bank","https://scanx.trade/company/canara-bank-ltd","128.23","0.20%","127.99","1,86,34,807","1,16,312.96","6.49","8.71","162.89","103.55","-11.11%","-16.81%","18.91%","115.30%","319.46%","1.04","3.28%","15.87%","6.11%","17.21","134.93","135.27","40.32","76.00%","87.21%"
"Indus Towers","https://scanx.trade/company/bharti-infratel-ltd","432.05","0.06%","433.00","39,05,979","1,13,981.82","15.92","18.14","481.50","312.55","4.17%","-8.92%","11.37%","198.17%","76.20%","2.87","3.25%","22.32%","28.12%","24.54","421.84","400.92","59.15","75.51%","87.50%"
"Cipla","https://scanx.trade/company/cipla-ltd","1,399.20","-0.19%","1,409.00","9,17,323","1,13,024.67","29.32","13.45","1,673.00","1,165.70","13.53%","4.33%","-5.61%","52.71%","50.95%","3.29","0.93%","15.50%","21.57%","55.04","1,292.37","1,437.87","61.92","78.00%","90.82%"
"Indian Bank","https://scanx.trade/company/indian-bank-ltd","825.95","0.85%","822.90","22,75,195","1,11,252.49","9.42","8.71","1,000.90","586.25","-10.33%","-12.75%","37.27%","188.59%","488.70%","1.51","2.23%","13.49%","5.89%","67.86","881.57","820.71","41.62","75.78%","86.33%"
"Dr Reddys Laboratories","https://scanx.trade/company/dr-reddys-laboratories-ltd","1,307.20","-0.86%","1,319.00","20,02,451","1,09,104.54","26.47","13.45","1,379.70","1,148.40","7.09%","2.09%","6.74%","48.82%","25.30%","2.90","0.61%","19.74%","21.88%","333.59","1,278.10","1,260.26","52.61","78.00%","90.58%"
"Ambuja Cements","https://scanx.trade/company/ambuja-cements-ltd","436.35","-0.02%","438.60","27,17,748","1,07,858.02","19.25","242.39","624.95","394.00","-4.36%","-14.78%","-23.15%","8.24%","35.74%","1.83","0.46%","9.32%","9.15%","12.66","438.14","525.08","47.14","76.00%","87.50%"
"Marico","https://scanx.trade/company/marico-ltd","824.45","-0.89%","831.90","9,98,448","1,07,025.57","59.53","15.69","848.80","680.30","8.12%","4.60%","16.18%","56.81%","79.35%","25.65","0.48%","36.03%","36.91%","11.73","779.04","746.65","58.42","78.00%","87.50%"
"Bosch","https://scanx.trade/company/bosch-ltd","36,065.00","2.43%","35,425.00","93,254","1,06,368.81","37.43","130.68","41,945.00","28,610.00","-5.34%","2.41%","13.93%","90.98%","135.90%","6.99","0.77%","20.65%","18.89%","646.75","34,641.60","36,895.20","48.34","78.00%","87.50%"
"GAIL","https://scanx.trade/company/gail-ltd","160.77","3.12%","153.00","1,91,57,978","1,05,707.88","11.91","35.52","202.79","134.36","-","-4.57%","-15.67%","53.33%","65.45%","1.16","3.53%","12.83%","15.14%","17.17","154.52","168.40","51.95","76.00%","87.50%"
"Godrej Consumer Products","https://scanx.trade/company/godrej-consumer-products-ltd","1,027.50","1.00%","1,023.80","19,05,091","1,05,138.38","55.95","79.68","1,309.00","967.05","-8.67%","-14.79%","-19.73%","1.76%","25.54%","8.23","1.97%","-4.45%","23.72%","17.15","1,053.87","1,153.82","43.46","76.00%","87.50%"
"Zydus Life Science","https://scanx.trade/company/cadila-healthcare-ltd","1,038.95","0.24%","1,041.00","12,96,117","1,04,542.68","20.35","13.45","1,093.65","835.50","11.88%","15.34%","16.78%","110.02%","69.44%","3.85","0.10%","17.34%","21.99%","41.43","925.37","943.86","69.40","76.00%","87.50%"
"Lupin","https://scanx.trade/company/lupin-ltd","2,281.80","-0.12%","2,297.00","12,25,221","1,04,288.12","19.51","13.45","2,494.00","1,836.80","-1.28%","2.81%","14.32%","194.65%","87.87%","4.65","0.79%","13.47%","21.29%","49.64","2,311.03","2,120.27","47.33","76.00%","87.50%"
"Mankind Pharma","https://scanx.trade/company/mankind-pharma-ltd","2,479.40","-1.38%","2,530.00","6,80,384","1,02,350.89","53.58","13.45","2,716.50","1,909.70","12.70%","22.48%","-2.05%","86.31%","74.32%","6.37","-","20.28%","13.33%","48.99","2,212.21","2,292.76","62.34","75.00%","87.50%"
"GMR Airports","https://scanx.trade/company/gmr-infrastructure-ltd","95.85","-1.05%","97.50","95,42,349","1,01,207.78","-569.94","35.52","110.36","79.92","-1.43%","-3.91%","9.38%","112.29%","263.07%","-37.43","-","-86.69%","7.69%","-","94.26","95.18","49.24","75.00%","86.54%"
"Mazagon Dock Shipbuilders","https://scanx.trade/company/mazagon-dock-shipbuilders-ltd","2,469.10","0.58%","2,464.00","6,03,666","99,598.56","38.41","35.52","3,775.00","2,057.40","-7.06%","4.61%","-27.62%","539.99%","2,243.71%","10.15","0.74%","21.98%","34.51%","96.04","2,476.28","2,588.03","45.10","66.44%","81.54%"
"Max Healthcare Institute","https://scanx.trade/company/max-healthcare-institute-ltd","1,023.25","-6.22%","1,068.25","1,17,11,405","99,576.04","74.87","50.08","1,314.30","903.00","0.29%","-5.94%","-10.41%","87.70%","350.28%","10.57","0.18%","14.89%","11.73%","10.84","999.85","1,088.57","49.03","70.00%","87.50%"
"Hero Motocorp","https://scanx.trade/company/hero-motocorp-ltd","4,966.00","-0.07%","4,970.00","2,84,550","99,364.58","17.22","40.49","6,388.50","4,158.10","-5.57%","-9.13%","16.47%","83.04%","72.17%","4.60","3.72%","20.98%","28.71%","204.10","5,186.26","5,439.50","41.85","76.00%","89.05%"
"JSW Energy","https://scanx.trade/company/jsw-energy-ltd","551.25","0.51%","548.10","18,02,387","96,870.74","34.91","40.56","585.65","427.75","0.84%","11.60%","9.20%","126.11%","370.75%","3.14","0.36%","8.21%","5.73%","11.18","523.43","509.19","56.21","72.61%","85.52%"
"Aditya Birla Capital","https://scanx.trade/company/aditya-birla-capital-ltd","357.30","2.26%","351.00","35,06,988","93,593.72","23.71","42.91","375.95","213.10","3.69%","3.61%","61.34%","118.00%","185.38%","2.66","-","12.01%","9.58%","13.24","334.37","325.01","56.40","76.00%","-"
"United Spirits","https://scanx.trade/company/united-spirits-ltd","1,282.10","0.75%","1,275.20","8,42,545","93,253.65","50.37","36.58","1,645.00","1,210.80","-5.94%","-7.05%","-17.68%","56.92%","124.05%","10.34","0.86%","19.77%","26.08%","19.42","1,301.91","1,352.43","46.04","76.00%","87.50%"
"Ashok Leyland","https://scanx.trade/company/ashok-leyland-ltd","158.21","2.41%","155.00","1,86,94,921","92,930.25","25.33","124.53","215.42","114.96","-10.42%","-24.25%","29.35%","104.54%","152.21%","7.21","2.02%","22.82%","15.46%","8.52","166.59","161.06","45.10","76.00%","85.81%"
"Indian Hotels Company","https://scanx.trade/company/indian-hotels-company-ltd","650.25","-1.09%","656.65","14,15,868","92,558.68","41.62","2.39","811.95","565.00","-2.39%","-3.66%","-15.89%","74.63%","414.85%","7.17","0.49%","11.86%","17.74%","9.03","633.60","701.90","50.78","76.00%","87.50%"
"ICICI Lombard General Insurance","https://scanx.trade/company/icici-lombard-general-insurance-ltd","1,826.20","1.40%","1,809.90","4,86,144","91,010.95","32.41","42.91","2,068.70","1,629.50","-0.75%","-5.68%","-2.76%","69.62%","19.56%","5.40","0.75%","15.72%","-8.50%","42.73","1,800.67","1,893.86","53.02","78.00%","87.50%"
"Bharat Forge","https://scanx.trade/company/bharat-forge-ltd","1,897.70","-0.06%","1,900.00","6,36,410","90,726.88","83.30","28.42","2,044.00","1,100.50","0.10%","6.61%","54.41%","150.59%","194.38%","9.47","0.45%","12.70%","16.45%","22.02","1,822.66","1,490.20","52.38","76.00%","86.90%"
"Shree Cement","https://scanx.trade/company/shree-cement-ltd","24,785.00","0.73%","24,610.00","13,414","89,426.13","50.77","242.39","32,490.00","22,550.00","-2.96%","-6.51%","-21.29%","1.54%","-10.27%","3.82","0.61%","11.55%","6.67%","582.58","24,352.80","27,089.68","50.05","78.00%","87.50%"
"REC","https://scanx.trade/company/rural-electrification-corporation-ltd","336.95","0.97%","335.50","46,13,260","88,726.48","5.38","32.82","428.70","304.05","-12.10%","-4.87%","-15.80%","159.59%","211.56%","1.03","5.56%","20.40%","9.48%","55.59","345.71","361.14","39.84","72.32%","86.25%"
"Lodha Developers","https://scanx.trade/company/macrotech-developers-ltd","886.75","0.34%","889.00","10,18,152","88,576.76","25.73","14.55","1,531.00","650.80","1.26%","-17.22%","-37.07%","83.71%","175.23%","3.86","0.48%","8.86%","18.64%","19.37","843.37","1,057.61","51.39","72.22%","83.69%"
"Waaree Energies","https://scanx.trade/company/waaree-energies-ltd","2,997.50","-1.93%","3,075.00","12,54,447","86,220.36","22.64","2.93","3,865.00","2,403.00","-13.69%","3.45%","0.51%","28.16%","28.16%","6.09","-","-","24.78%","-","3,137.12","3,121.57","38.46","50.00%","82.09%"
"Aurobindo Pharma","https://scanx.trade/company/aurobindo-pharma-ltd","1,463.50","-5.38%","1,520.00","30,38,819","85,000.32","25.77","13.45","1,550.00","1,016.10","5.16%","26.29%","21.54%","148.03%","44.45%","2.56","-","10.62%","15.74%","61.22","1,382.20","1,203.81","52.91","76.00%","87.50%"
"MCX","https://scanx.trade/company/multi-commodity-exchange-ltd","3,269.90","-1.59%","3,333.30","27,10,869","83,379.78","63.65","35.52","3,480.00","1,250.40","15.72%","36.48%","156.64%","1,109.82%","904.98%","29.76","0.24%","10.07%","24.11%","34.19","2,808.57","2,176.57","63.08","72.84%","80.00%"
"Steel Authority of India","https://scanx.trade/company/steel-authority-of-india-ltd","201.21","2.38%","197.00","2,60,32,718","83,110.30","24.04","21.18","209.70","118.10","14.94%","26.75%","61.12%","144.93%","64.93%","1.34","1.20%","3.98%","6.70%","9.38","171.01","146.54","66.17","73.43%","84.20%"
"PB FinTech","https://scanx.trade/company/policy-bazaar-ltd","1,792.40","-1.48%","1,815.00","24,14,312","82,933.11","125.67","52.77","1,978.00","1,364.00","10.42%","18.42%","3.80%","184.64%","49.08%","11.51","-","-8.90%","6.22%","2.28","1,578.76","1,698.83","66.55","70.00%","84.94%"
"Hindustan Petroleum","https://scanx.trade/company/hindustan-petroleum-ltd","389.65","0.22%","388.80","38,00,324","82,910.60","4.58","9.14","508.45","316.20","1.37%","-9.57%","-3.77%","128.00%","111.54%","1.26","6.24%","34.13%","12.56%","46.45","365.46","422.04","55.81","74.69%","84.87%"
"Oracle Financial Services Software","https://scanx.trade/company/oracle-financial-services-software-ltd","9,525.00","-2.11%","9,770.00","2,00,614","82,895.32","32.10","25.39","9,999.00","6,234.50","20.10%","43.39%","13.62%","168.30%","160.27%","10.83","2.77%","28.24%","36.86%","269.28","8,013.17","8,097.24","64.52","75.09%","86.31%"
"Oil India","https://scanx.trade/company/oil-india-ltd","499.75","-0.74%","503.00","19,51,342","81,289.72","10.84","-321.63","531.00","384.60","7.44%","5.09%","17.17%","178.77%","469.39%","1.41","2.28%","23.55%","11.77%","51.54","478.17","441.49","56.33","72.79%","85.78%"
"Dabur India","https://scanx.trade/company/dabur-india-ltd","451.05","0.94%","448.00","9,70,954","80,002.30","42.37","79.68","577.00","403.35","-0.21%","-11.51%","-6.37%","-13.11%","-15.97%","6.94","1.85%","17.58%","20.32%","10.60","446.64","495.97","47.14","78.00%","87.50%"
"Nykaa","https://scanx.trade/company/nykaa-ltd","277.25","1.00%","283.50","3,16,87,149","79,378.28","548.80","13.90","285.60","191.16","4.65%","4.39%","38.29%","116.10%","-24.59%","56.61","-","1.78%","12.91%","0.14","257.77","251.44","62.24","75.00%","87.50%"
"NHPC","https://scanx.trade/company/nhpc-ltd","78.36","-0.81%","79.07","1,02,84,991","78,712.89","18.81","40.56","92.34","71.62","-5.17%","5.22%","-10.57%","77.69%","206.09%","1.91","2.04%","8.28%","6.14%","3.60","78.59","80.17","45.61","75.25%","87.50%"
"Persistent Systems","https://scanx.trade/company/persistent-systems-ltd","4,970.30","-0.97%","5,038.00","4,59,525","78,406.48","42.45","25.39","6,599.00","4,449.10","-6.75%","-2.39%","-12.34%","103.36%","316.06%","10.10","0.80%","22.06%","28.61%","76.02","4,980.36","5,541.94","49.51","75.19%","86.08%"
"SRF","https://scanx.trade/company/srf-ltd","2,639.40","0.73%","2,661.90","5,21,212","78,238.37","42.32","11.33","3,325.00","2,355.00","6.82%","-1.85%","-10.57%","8.34%","104.55%","5.53","-","11.64%","12.90%","41.45","2,546.54","2,820.82","52.24","76.00%","87.50%"
"NMDC","https://scanx.trade/company/nmdc-ltd","87.85","-0.35%","88.49","1,54,40,319","77,236.12","11.22","13.82","94.25","66.80","-0.70%","9.63%","25.23%","149.43%","111.99%","2.39","3.75%","24.47%","29.74%","20.82","84.83","78.95","49.17","75.15%","87.40%"
"ICICI Prudential Life Insurance","https://scanx.trade/company/icici-prudential-life-insurance-ltd","520.05","1.95%","512.25","21,34,922","75,367.54","45.99","42.91","706.80","488.60","-5.46%","-20.15%","-15.87%","22.12%","-4.56%","5.44","0.32%","7.73%","0.44%","6.03","544.91","606.32","42.41","76.00%","80.00%"
"Havells","https://scanx.trade/company/havells-india-ltd","1,200.90","-0.73%","1,217.40","5,81,336","75,327.27","44.92","2.93","1,621.10","1,142.50","-9.63%","-15.00%","-23.86%","-4.66%","16.78%","8.02","0.83%","17.06%","22.11%","22.20","1,260.28","1,407.97","40.70","78.00%","87.50%"
"NALCO","https://scanx.trade/company/national-aluminium-company-ltd","409.25","0.70%","407.00","45,50,854","75,164.16","12.88","87.97","445.15","176.34","-3.24%","19.94%","125.17%","405.56%","478.04%","3.45","2.58%","10.93%","36.82%","10.50","404.15","303.88","51.14","71.97%","82.60%"
"Suzlon Energy","https://scanx.trade/company/suzlon-ltd","53.75","1.66%","53.17","6,07,60,806","73,716.15","22.32","2.93","74.30","38.19","1.22%","20.90%","-12.29%","532.35%","975.00%","9.18","-","262.69%","24.15%","0.68","48.29","52.32","56.90","50.00%","84.31%"
"AU Small Finance Bank","https://scanx.trade/company/au-small-finance-bank-ltd","977.90","2.00%","964.40","15,57,252","73,168.88","27.19","17.92","1,079.55","680.70","-5.78%","-5.03%","41.13%","29.73%","99.47%","3.64","-","38.28%","16.45%","23.05","962.45","899.31","46.40","76.00%","87.50%"
"Laurus Labs","https://scanx.trade/company/laurus-labs-ltd","1,343.50","-0.56%","1,355.70","16,98,593","72,529.73","81.91","13.45","1,373.90","584.50","20.56%","31.84%","125.02%","330.06%","175.00%","13.76","0.09%","4.09%","12.08%","2.75","1,120.68","1,003.11","77.10","75.20%","80.00%"
"Fortis Healthcare","https://scanx.trade/company/fortis-healthcare-ltd","960.40","-0.71%","971.95","12,68,964","72,506.18","74.45","50.08","1,104.30","667.20","4.78%","4.28%","42.91%","240.27%","322.15%","7.74","0.10%","7.54%","9.86%","8.50","890.38","923.52","58.34","75.00%","87.50%"
"Dixon Technologies","https://scanx.trade/company/dixon-technologies-ltd","11,722.00","4.12%","11,285.00","13,62,732","71,271.98","41.64","16.36","18,471.00","9,600.00","4.06%","5.87%","-24.92%","286.18%","197.15%","14.64","0.09%","19.86%","41.33%","72.30","10,743.61","13,479.68","60.93","70.00%","83.12%"
"One 97 Communications","https://scanx.trade/company/paytm-ltd","1,112.40","-3.74%","1,161.00","40,94,406","71,198.68","134.03","35.52","1,381.80","818.00","-4.66%","-3.55%","31.94%","56.64%","-28.73%","4.61","-","-13.67%","-4.12%","-","1,093.34","1,197.20","47.35","68.53%","82.33%"
"Indusind Bank","https://scanx.trade/company/indusind-bank-ltd","910.15","1.13%","903.00","11,65,558","70,910.34","78.85","17.92","968.85","710.60","6.28%","-1.72%","18.21%","-27.07%","-10.42%","1.07","0.17%","14.20%","5.98%","115.87","858.20","837.33","55.90","70.00%","85.55%"
"Federal Bank","https://scanx.trade/company/federal-bank-ltd","287.20","1.22%","284.15","67,56,952","70,795.28","15.58","17.92","302.00","185.11","-2.89%","-1.85%","43.01%","127.67%","237.29%","1.82","0.42%","12.70%","6.45%","16.45","280.83","250.12","50.90","76.00%","87.50%"
"Biocon","https://scanx.trade/company/biocon-ltd","430.25","-0.14%","433.00","37,77,650","69,739.56","189.06","13.45","436.90","327.60","19.02%","12.06%","26.30%","77.97%","12.48%","2.05","0.12%","5.13%","6.26%","13.00","377.28","375.46","75.79","75.63%","87.50%"
"Swiggy","https://scanx.trade/company/swiggy-ltd","249.95","-0.32%","251.00","64,47,196","68,994.04","-16.67","35.52","474.00","247.30","-11.93%","-22.81%","-20.35%","-45.19%","-45.19%","3.78","-","-","-25.96%","-","274.81","359.63","35.85","65.00%","84.73%"
"Nippon Life India AMC","https://scanx.trade/company/nippon-life-india-asset-management-ltd","1,080.40","0.15%","1,089.00","8,88,517","68,859.87","45.03","42.91","1,125.00","712.10","2.37%","12.89%","45.70%","357.22%","207.89%","14.78","1.99%","27.78%","38.47%","19.06","959.74","890.79","57.58","65.60%","80.00%"
"Yes Bank","https://scanx.trade/company/yes-bank-ltd","21.87","1.39%","21.60","8,70,40,517","68,627.25","19.26","17.92","24.30","17.20","10.62%","3.94%","4.24%","39.74%","63.82%","1.32","-","3.05%","5.95%","0.46","19.91","21.05","59.29","70.00%","87.10%"
"L&T Finance","https://scanx.trade/company/lt-finance-holdings-ltd","270.15","0.11%","269.05","69,58,075","67,655.99","22.66","42.91","329.45","169.25","-7.45%","-9.27%","55.63%","171.10%","196.87%","2.42","1.02%","9.85%","10.11%","9.93","274.25","271.81","39.23","75.00%","86.38%"
"Alkem Laboratories","https://scanx.trade/company/alkem-laboratories-ltd","5,404.50","-1.76%","5,530.00","64,842","64,618.90","27.14","13.45","5,933.50","4,716.20","-5.13%","0.23%","0.57%","63.67%","79.94%","4.93","0.82%","16.91%","19.29%","179.80","5,422.64","5,501.38","46.26","78.00%","87.50%"
"Phoenix Mills","https://scanx.trade/company/phoenix-mills-ltd","1,790.30","-0.30%","1,794.70","2,22,975","64,027.14","41.27","14.55","1,993.00","1,402.50","-0.92%","3.29%","10.66%","153.07%","388.71%","5.85","0.14%","13.29%","10.43%","61.08","1,690.52","1,682.32","56.04","73.22%","86.89%"
"Glenmark Pharmaceuticals","https://scanx.trade/company/glenmark-pharmaceuticals-ltd","2,259.10","-5.60%","2,390.00","15,93,969","63,751.98","63.32","13.45","2,474.00","1,370.00","1.16%","10.57%","56.87%","261.86%","272.02%","7.04","0.10%","3.84%","15.93%","-","2,249.84","2,046.45","44.66","75.73%","87.50%"
"Bank of India","https://scanx.trade/company/bank-of-india-ltd","139.92","0.50%","139.50","57,89,870","63,700.93","6.15","8.71","178.36","108.81","-6.61%","-18.51%","18.62%","84.83%","78.47%","0.78","3.34%","9.28%","5.62%","15.14","145.17","140.53","44.61","70.00%","85.95%"
"UNO Minda","https://scanx.trade/company/minda-industries-ltd","1,089.30","0.95%","1,085.00","11,31,416","62,907.95","48.53","130.68","1,382.00","972.00","-5.25%","-8.86%","9.09%","104.35%","288.90%","9.13","0.25%","17.56%","19.22%","15.45","1,089.60","1,199.69","46.71","70.00%","70.00%"
"Info Edge","https://scanx.trade/company/naukri-info-edge-ltd","960.95","3.75%","932.00","93,64,081","62,309.98","35.63","35.52","1,550.00","914.80","-10.83%","-10.59%","-34.87%","25.48%","10.87%","1.24","0.65%","1.88%","4.80%","53.82","983.08","1,229.07","47.78","75.95%","87.50%"
"Oberoi Realty","https://scanx.trade/company/oberoi-realty-ltd","1,659.60","0.31%","1,654.40","2,86,005","60,343.43","23.96","14.55","2,005.00","1,391.20","-3.73%","8.95%","-4.17%","80.70%","171.18%","3.35","0.48%","13.92%","16.69%","60.22","1,594.83","1,619.31","53.83","75.70%","87.50%"
"Prestige Estates Projects","https://scanx.trade/company/prestige-estate-ltd","1,388.50","0.21%","1,408.50","14,91,323","59,806.89","56.46","14.55","1,814.00","1,090.00","-1.01%","-6.62%","-3.08%","191.18%","418.39%","3.77","0.13%","10.40%","8.96%","33.42","1,327.62","1,527.95","51.22","72.15%","85.17%"
"IDFC First Bank","https://scanx.trade/company/idfc-first-bank-ltd","68.88","0.85%","68.39","1,27,17,449","59,245.13","36.53","17.92","87.00","58.08","1.38%","-17.52%","3.31%","3.11%","20.31%","1.25","0.37%","9.12%","5.55%","3.82","66.17","74.52","53.05","76.00%","86.55%"
"SBI Cards","https://scanx.trade/company/sbi-cards-ltd","620.20","-","619.60","5,80,756","59,017.90","27.24","42.91","1,027.25","612.10","-8.76%","-21.05%","-31.33%","-30.44%","-41.72%","3.75","0.40%","19.93%","20.03%","25.33","664.11","796.85","32.42","76.00%","87.50%"
"Colgate Palmolive","https://scanx.trade/company/colgate-palmolive-ltd","2,156.90","-0.37%","2,169.30","2,04,566","58,664.58","44.36","38.75","2,676.90","1,782.00","2.39%","-1.87%","-18.89%","34.07%","32.08%","37.20","2.36%","70.62%","111.07%","51.99","2,037.62","2,163.02","55.62","78.00%","87.50%"
"Tube Investment","https://scanx.trade/company/tube-invest-of-india-ltd","3,011.30","0.36%","3,011.40","2,24,252","58,282.18","51.93","21.18","3,419.90","2,164.90","4.37%","16.46%","0.29%","11.49%","156.25%","7.49","0.12%","17.60%","15.90%","34.13","2,769.86","2,818.37","59.30","74.32%","85.33%"
"Max Financial Services","https://scanx.trade/company/max-financial-services-ltd","1,680.00","3.32%","1,632.00","11,05,535","57,979.28","531.34","35.52","1,892.50","1,368.00","1.89%","-9.15%","20.28%","149.85%","86.10%","10.62","-","8.99%","6.69%","11.00","1,623.38","1,639.77","57.35","75.00%","87.50%"
"Vishal Mega Mart","https://scanx.trade/company/vishal-mega-mart-ltd","121.66","-1.35%","123.26","57,42,149","56,853.15","68.88","13.90","157.60","98.77","-1.32%","4.07%","-0.76%","8.69%","8.69%","7.77","-","-","13.04%","-","115.63","131.84","52.55","65.00%","87.50%"
"Rail Vikas Nigam","https://scanx.trade/company/rail-vikas-nigam-ltd","271.10","0.13%","271.50","72,45,031","56,524.89","49.10","14.55","442.80","248.00","-9.29%","-13.14%","-34.21%","133.30%","805.18%","5.90","0.64%","19.39%","14.76%","6.98","281.55","317.61","37.07","67.60%","82.41%"
"UPL","https://scanx.trade/company/upl-united-phosphorus-ltd","632.00","0.48%","632.05","22,17,195","53,351.50","23.86","47.43","812.20","565.15","-3.41%","-16.00%","-1.00%","-1.37%","-15.51%","1.53","-","-5.74%","7.50%","-","631.93","697.70","46.77","76.00%","86.33%"
"APL Apollo Tubes","https://scanx.trade/company/apl-apollo-tubes-ltd","1,880.50","1.07%","1,863.80","2,85,536","52,209.45","42.94","21.18","2,301.40","1,492.00","-10.73%","-14.03%","3.64%","72.10%","200.15%","9.75","0.46%","21.36%","22.02%","26.38","1,966.88","1,863.80","42.03","76.00%","87.50%"
"Godrej Properties","https://scanx.trade/company/godrej-properties-ltd","1,732.90","-0.23%","1,743.30","4,14,841","52,196.29","28.39","14.55","2,506.50","1,434.00","-3.99%","-5.08%","-20.55%","31.06%","32.76%","2.73","0.58%","7.25%","8.74%","40.29","1,696.38","1,919.19","47.82","73.82%","84.66%"
"Motilal Oswal Financial Services","https://scanx.trade/company/motilal-oswal-financial-services-ltd","849.45","0.74%","845.00","5,65,809","51,125.00","27.10","42.91","1,097.10","614.90","3.44%","10.43%","6.18%","446.31%","318.14%","3.94","0.71%","27.89%","25.66%","46.83","766.39","857.85","58.07","61.83%","80.00%"
"Patanjali Foods","https://scanx.trade/company/ruchi-soya-industries-ltd","463.45","0.04%","464.00","13,14,806","50,428.19","30.60","15.69","653.93","438.00","-0.99%","-13.28%","-19.40%","46.02%","-54.66%","4.16","0.72%","1.75%","15.86%","25.98","468.31","541.68","50.31","75.00%","87.50%"
"KEI Industries","https://scanx.trade/company/kei-industries-ltd","5,260.50","0.45%","5,262.50","4,10,075","50,290.69","54.52","21.79","5,303.00","3,411.40","9.01%","10.61%","53.30%","159.78%","768.86%","7.51","0.09%","18.44%","16.86%","67.58","4,654.01","4,311.09","65.87","70.00%","80.00%"
"Coforge","https://scanx.trade/company/coforge-ltd","1,387.10","0.73%","1,378.00","24,94,600","48,343.52","33.94","25.39","1,994.00","1,008.10","7.29%","3.47%","-16.10%","62.11%","108.26%","2.23","0.23%","22.42%","14.67%","114.98","1,223.17","1,569.11","61.21","75.26%","84.25%"
"Bharat Dynamics","https://scanx.trade/company/bharat-dynamics-ltd","1,312.50","0.67%","1,309.70","5,81,756","48,111.33","82.43","10.67","2,096.60","1,086.00","-4.55%","0.16%","-30.16%","148.49%","630.06%","11.34","0.36%","10.97%","10.19%","15.77","1,320.77","1,433.81","44.10","70.06%","82.54%"
"Supreme Industries","https://scanx.trade/company/supreme-industries-ltd","3,556.00","2.58%","3,499.60","1,72,744","45,170.75","46.21","33.78","4,739.00","3,182.00","-3.02%","-9.25%","-7.06%","27.05%","63.09%","7.15","1.04%","20.94%","21.37%","88.76","3,711.73","3,850.87","45.08","74.61%","87.50%"
"360 One WAM","https://scanx.trade/company/360-one-wam-ltd","1,112.40","0.05%","1,110.60","4,82,891","45,154.09","37.14","42.91","1,273.80","906.05","0.37%","1.07%","9.90%","175.82%","298.15%","4.59","-","23.31%","14.83%","25.49","1,045.88","1,092.83","59.90","72.72%","-"
"Premier Energies","https://scanx.trade/company/premier-energies-ltd","983.40","-3.12%","1,019.00","98,77,098","44,547.47","30.62","13.90","1,136.40","660.00","-1.24%","27.92%","-9.21%","17.09%","17.09%","10.73","0.02%","-","34.93%","-","944.80","931.05","49.94","60.00%","84.41%"
"Page Industries","https://scanx.trade/company/page-industries-ltd","39,455.00","2.80%","39,420.00","1,41,220","44,007.61","57.18","-28.45","50,590.00","29,805.00","3.94%","20.51%","-17.15%","-5.33%","34.75%","30.40","-","35.64%","62.78%","516.64","35,181.20","38,086.30","68.17","78.00%","87.50%"
"Mphasis","https://scanx.trade/company/mphasis-ltd","2,222.40","-0.23%","2,229.50","3,96,197","42,407.74","22.83","25.39","3,037.20","2,013.00","-8.13%","-6.38%","-13.11%","16.57%","24.43%","3.96","2.78%","17.68%","23.19%","82.67","2,218.19","2,619.30","50.05","76.00%","87.50%"
"PI Industries","https://scanx.trade/company/pi-industries-ltd","2,781.00","1.48%","2,750.90","6,96,886","42,192.81","31.43","47.43","4,330.00","2,700.00","-7.95%","-8.76%","-25.04%","-15.07%","8.40%","3.70","0.55%","19.26%","20.62%","115.17","2,972.07","3,345.86","34.97","76.00%","87.50%"
"Voltas","https://scanx.trade/company/voltas-ltd","1,268.10","-0.42%","1,274.90","8,32,401","41,959.49","113.93","-70.68","1,582.50","1,186.80","-12.98%","-18.02%","-0.04%","59.06%","26.83%","6.61","0.31%","4.24%","17.53%","13.81","1,359.23","1,385.38","40.76","76.00%","86.30%"
"Astral","https://scanx.trade/company/astral-poly-technik-ltd","1,541.70","4.17%","1,481.80","10,94,826","41,417.80","74.40","33.78","1,768.70","1,263.70","-2.58%","-5.80%","11.90%","-6.69%","17.26%","9.80","0.17%","16.69%","19.01%","20.35","1,579.77","1,489.18","49.67","76.00%","87.50%"
"Petronet LNG","https://scanx.trade/company/petronet-lng-ltd","272.35","0.91%","269.90","19,24,323","40,852.50","10.35","35.52","326.40","235.35","-1.95%","-11.19%","-15.35%","21.34%","15.13%","1.82","1.11%","20.26%","23.63%","26.26","271.29","279.10","49.95","76.00%","80.00%"
"Cochin Shipyard","https://scanx.trade/company/cochin-shipyard-ltd","1,532.10","0.07%","1,535.00","6,72,415","40,306.61","56.20","35.52","2,545.00","1,187.00","-1.59%","0.96%","-16.68%","465.18%","695.57%","6.86","0.10%","-","19.01%","-","1,506.94","1,623.95","44.40","0.00%","81.28%"
"Container Corporation of India","https://scanx.trade/company/container-corporation-of-india-ltd","505.90","-","507.45","6,43,269","38,530.25","30.16","35.52","652.04","421.45","0.34%","0.58%","-13.56%","0.96%","7.80%","3.02","1.81%","10.36%","13.49%","20.90","485.77","514.99","49.72","76.00%","87.50%"
"Sona BLW Precision Forgings","https://scanx.trade/company/sona-blw-precision-forgings-ltd","593.75","1.62%","584.30","24,84,984","36,922.16","57.73","130.68","614.00","402.30","2.14%","11.59%","13.08%","10.82%","64.38%","6.07","0.58%","18.49%","13.84%","9.41","549.43","492.75","57.61","75.15%","86.31%"
"Kalyan Jewellers","https://scanx.trade/company/kalyan-jewellers-ltd","352.40","-0.17%","355.00","59,89,566","36,393.76","26.98","225.57","617.70","337.00","-15.10%","-12.16%","-36.17%","236.26%","469.31%","5.78","0.71%","14.24%","20.89%","6.12","395.89","458.31","34.75","70.00%","81.99%"
"IREDA","https://scanx.trade/company/ireda-ltd","129.01","0.89%","129.00","45,18,710","36,241.89","19.09","32.82","186.58","108.65","0.12%","1.86%","-25.09%","115.02%","115.02%","2.78","-","11.56%","8.35%","1.29","124.91","137.27","49.85","70.02%","84.42%"
"Godfrey Phillips","https://scanx.trade/company/godfrey-phillips-india-ltd","2,315.30","0.14%","2,315.00","4,70,602","36,114.46","23.62","15.27","3,947.00","1,832.10","9.50%","-6.93%","-18.79%","300.00%","670.87%","5.80","2.16%","20.86%","26.74%","172.61","2,136.28","2,683.20","54.32","57.79%","75.74%"
"Blue Star","https://scanx.trade/company/blue-star-ltd","1,657.20","-0.32%","1,666.90","1,46,278","34,074.48","64.74","-70.68","2,040.00","1,450.00","-11.37%","-15.81%","4.93%","136.19%","310.35%","9.95","0.54%","15.86%","25.16%","24.34","1,744.61","1,825.42","41.63","74.31%","85.86%"
"Dalmia Bharat","https://scanx.trade/company/dalmia-bharat-ltd","1,795.60","2.73%","1,786.00","5,83,886","33,679.34","28.32","-185.74","2,496.30","1,675.10","-9.77%","-13.26%","-14.06%","-12.74%","-1.93%","1.82","0.29%","5.17%","4.86%","49.19","1,869.48","2,088.38","44.56","75.00%","80.00%"
"Delhivery","https://scanx.trade/company/delhivery-ltd","447.60","-1.14%","452.95","15,84,002","33,507.70","222.01","35.52","490.00","340.55","-5.18%","3.86%","28.58%","23.87%","-16.55%","3.50","-","-2.72%","2.66%","-","447.37","440.78","42.63","75.00%","70.00%"
"Bandhan Bank","https://scanx.trade/company/bandhan-bank-ltd","194.61","1.85%","191.08","1,12,98,203","31,351.11","25.15","17.92","212.66","134.25","10.49%","13.57%","15.69%","-18.21%","-35.05%","1.22","0.78%","10.32%","7.35%","15.97","176.72","163.50","56.48","59.47%","80.00%"
"Angel One","https://scanx.trade/company/angel-broking-ltd","339.35","-0.09%","341.95","1,03,07,977","30,848.79","33.87","42.91","343.30","208.63","4.72%","35.94%","18.40%","183.76%","352.89%","5.06","-","37.04%","33.08%","132.93","279.88","256.82","67.07","69.05%","80.00%"
"LIC Housing Finance","https://scanx.trade/company/lic-housing-finance-ltd","539.20","0.23%","542.40","9,93,024","29,659.40","5.29","0.49","646.50","458.90","-4.59%","2.79%","-9.49%","44.64%","18.23%","0.72","-","15.12%","9.65%","86.33","531.73","546.09","45.30","76.00%","87.50%"
"Exide Industries","https://scanx.trade/company/exide-industries-ltd","339.75","-0.31%","341.00","13,03,386","28,878.75","33.69","130.68","431.00","287.00","2.00%","0.98%","-11.71%","66.06%","81.54%","2.08","0.59%","6.84%","8.57%","10.29","327.88","361.40","47.37","76.00%","87.50%"
"Jubilant FoodWorks","https://scanx.trade/company/jubilant-foodworks-ltd","436.65","0.23%","435.00","51,99,265","28,812.14","64.73","2.39","718.95","408.80","-7.47%","-17.98%","-35.25%","-6.84%","-27.71%","12.54","0.28%","17.86%","12.94%","4.12","461.07","552.00","39.68","76.00%","86.72%"
"PNB Housing Finance","https://scanx.trade/company/pnb-housing-finance-ltd","1,059.60","0.35%","1,060.00","11,39,365","27,603.49","12.00","0.49","1,141.90","729.60","8.22%","24.82%","0.84%","127.53%","208.09%","1.43","0.76%","10.07%","9.27%","61.35","920.70","883.45","62.31","73.81%","80.00%"
"Manappuram Finance","https://scanx.trade/company/manappuram-finance-ltd","324.10","0.53%","323.50","50,37,773","27,432.95","27.54","42.91","324.45","227.55","15.01%","5.74%","42.11%","193.83%","103.01%","1.71","0.86%","18.98%","10.79%","26.55","280.59","284.27","67.57","73.96%","80.00%"
"Nuvama Wealth Management","https://scanx.trade/company/nuvama-wealth-management-ltd","1,480.90","-1.21%","1,500.00","2,20,152","26,958.53","26.22","42.91","1,701.70","1,096.90","6.42%","14.82%","7.39%","183.43%","-43.31%","6.65","0.93%","21.55%","23.65%","203.79","1,319.45","1,364.70","57.15","50.00%","75.00%"
"Tata Elxsi","https://scanx.trade/company/tata-elxsi-ltd","4,311.10","2.21%","4,220.00","2,73,949","26,856.72","41.77","52.77","6,735.00","3,945.00","-7.30%","-11.28%","-30.29%","-38.65%","20.89%","8.63","1.78%","36.00%","52.73%","126.48","4,258.34","5,078.30","54.73","76.00%","87.25%"
"Force Motors","https://scanx.trade/company/force-motors-ltd","19,878.00","2.79%","19,475.00","1,59,448","25,906.83","21.04","124.53","26,450.00","10,158.50","-9.12%","-18.78%","87.48%","1,357.44%","1,488.27%","6.08","0.26%","17.20%","37.08%","330.24","20,813.52","19,484.93","46.55","50.00%","75.00%"
"Amber Enterprises","https://scanx.trade/company/amber-enterprises-india-ltd","7,359.00","-2.36%","7,545.00","7,22,523","25,897.55","117.48","-70.68","8,974.00","5,400.50","-6.36%","-3.81%","11.31%","251.51%","144.87%","6.09","-","6.59%","14.95%","47.37","7,418.14","7,348.24","43.51","69.46%","80.00%"
"NBCC","https://scanx.trade/company/nbcc-ltd","94.82","1.88%","93.24","1,11,93,155","25,601.40","37.37","35.52","130.70","77.18","1.65%","-0.09%","-16.24%","250.28%","189.09%","9.41","0.72%","13.09%","26.58%","3.11","89.56","103.17","54.15","69.79%","80.00%"
"CDSL","https://scanx.trade/company/central-depository-services-ltd","1,204.10","0.36%","1,204.00","11,76,424","25,165.69","55.11","35.52","1,828.90","1,116.30","-11.63%","-8.81%","-16.98%","143.23%","176.46%","12.80","1.06%","27.84%","37.66%","45.91","1,243.13","1,429.85","42.91","72.64%","80.00%"
"Kaynes Technology India","https://scanx.trade/company/kaynes-technology-ltd","3,321.40","4.61%","3,198.90","21,81,529","22,264.89","58.51","7.94","7,705.00","2,995.00","-21.80%","-14.20%","-44.19%","179.86%","381.40%","4.48","-","9.91%","15.98%","32.73","3,822.61","5,009.48","38.90","69.50%","75.00%"