,,,MIS  ,,CO,,,
ISIN,Symbol,BSE Symbol,Var+ ELM+Adhoc margin,MIS Margin(%),MIS Multiplier,CO Margin(%),CO Upper Trigger,CO Multiplier
ISIN,Symbol,Not listed in BSE,#N/A,#N/A,#N/A,#N/A,#N/A,
INE144J01027,20MICRONS,533022,22.26,20.00,5,20.00,10,5
INE466L01038,360ONE,542772,16.76,20.00,5,20.00,10,5
INE994E01018,3BBLACKBIO,532067,24.72,20.00,5,20.00,10,5
INE470A01017,3MINDIA,523395,14.74,20.00,5,20.00,10,5
INE618L01018,5PAISA,540776,19.80,20.00,5,20.00,10,5
INE111B01023,63MOONS,526881,25.64,20.00,5,20.00,10,5
INE883F01010,AADHARHFC,544176,15.14,20.00,5,20.00,10,5
INE767A01016,AARTIDRUGS,524348,17.24,20.00,5,20.00,10,5
INE769A01020,AARTIIND,524208,18.83,20.00,5,20.00,10,5
INE0LRU01027,AARTIPHARM,543748,22.56,20.00,5,20.00,10,5
INE754X01016,AARVI,202402,21.73,20.00,5,20.00,10,5
INE216P01012,AAVAS,541988,16.19,20.00,5,20.00,10,5
INE117A01022,ABB,500002,16.32,20.00,5,20.00,10,5
INE358A01014,ABBOTINDIA,500488,12.50,20.00,5,20.00,10,5
INE674K01013,ABCAPITAL,540691,17.21,20.00,5,20.00,10,5
INE552Z01027,ABDL,544203,19.66,20.00,5,20.00,10,5
INE647O01011,ABFRL,535755,18.70,20.00,5,20.00,10,5
INE00YB01025,ABINFRA,544281,22.73,20.00,5,20.00,10,5
INE14LE01019,ABLBL,544403,15.70,20.00,5,20.00,10,5
INE055A01016,ABREL,500040,20.07,20.00,5,20.00,10,5
INE404A01024,ABSLAMC,543374,18.60,20.00,5,20.00,10,5
INF209KB17D5,ABSLBANETF,542863,12.50,20.00,5,20.00,10,5
INE012A01025,ACC,500410,13.19,20.00,5,20.00,10,5
INE731H01025,ACE,532762,18.72,20.00,5,20.00,10,5
INE128X01021,ACI,543657,17.79,20.00,5,20.00,10,5
INE622W01025,ACMESOLAR,544283,19.27,20.00,5,20.00,10,5
INE366C01021,ACSTECH,530745,41.50,20.00,5,20.00,10,5
INE00FF01025,ACUTAAS,543349,22.21,20.00,5,20.00,10,5
INE931S01010,ADANIENSOL,539254,20.92,20.00,5,20.00,10,5
INE423A01024,ADANIENT,512599,18.80,20.00,5,20.00,10,5
INE364U01010,ADANIGREEN,541450,22.18,20.00,5,20.00,10,5
INE742F01042,ADANIPORTS,532921,15.77,20.00,5,20.00,10,5
INE814H01029,ADANIPOWER,533096,20.15,20.00,5,20.00,10,5
INE982B01027,ADFFOODS,519183,23.99,20.00,5,20.00,10,5
INE045A01017,ADOR,517041,18.37,20.00,5,20.00,10,5
INE102I01027,ADSL,532875,24.63,20.00,5,20.00,10,5
INE0ALI01010,ADVAIT,543230,25.94,20.00,5,20.00,10,5
INE1B0W01010,ADVANCE,544562,20.21,20.00,5,20.00,10,5
INE28GN01010,ADVENTHTL,544446,22.28,20.00,5,20.00,10,5
INE837H01020,ADVENZYMES,540025,19.78,20.00,5,20.00,10,5
INE208C01025,AEGISLOG,500003,23.91,20.00,5,20.00,10,5
INE0INX01018,AEGISVOPAK,544407,21.30,20.00,5,20.00,10,5
INE947N01017,AEQUS,544634,21.80,20.00,5,20.00,10,5
INE065D01027,AEROENTER,511076,24.89,20.00,5,20.00,10,5
INE024001021,AEROFLEX,543972,28.00,20.00,5,20.00,10,5
INE05TO01019,AEROPLANE,544743,17.18,20.00,5,20.00,10,5
INE0BWX01014,AETHER,543534,18.87,20.00,5,20.00,10,5
INE101I01011,AFCONS,544280,16.74,20.00,5,20.00,10,5
INE00WC01027,AFFLE,542752,17.27,20.00,5,20.00,10,5
INE204E01012,AGARIND,531921,25.63,20.00,5,20.00,10,5
INE943P01029,AGARWALEYE,544350,13.97,20.00,5,20.00,10,5
INE415A01038,AGI,500187,21.73,20.00,5,20.00,10,5
INE976R01033,AGIIL,539042,23.98,20.00,5,20.00,10,5
INE1YPB01014,AGL,544602,12.86,20.00,5,20.00,10,5
INE0Y8W01025,AHCL,544497,19.70,20.00,5,20.00,10,5
INE758C01029,AHLUCONT,532811,18.46,20.00,5,20.00,10,5
INE212H01026,AIAENG,532683,14.72,20.00,5,20.00,10,5
INE206F01022,AIIL,539177,25.37,20.00,5,20.00,10,5
INE031B01049,AJANTPHARM,532331,15.04,20.00,5,20.00,10,5
INE274Y01021,AJAXENGG,544356,17.79,20.00,5,20.00,10,5
INE298G01035,AJMERA,513349,24.29,20.00,5,20.00,10,5
INE701G01012,AKCAPIT,530499,25.00,20.00,5,20.00,10,5
INE09XN01023,AKUMS,544222,17.50,20.00,5,20.00,10,5
INE426A01027,ALEMBICLTD,506235,16.63,20.00,5,20.00,10,5
INE598D01035,ALGOQUANT,505725,18.02,20.00,5,20.00,10,5
INE062D01024,ALICON,531147,19.28,20.00,5,20.00,10,5
INE03Q201024,ALIVUS,543322,16.98,20.00,5,20.00,10,5
INE540L01014,ALKEM,539523,12.51,20.00,5,20.00,10,5
INE150B01039,ALKYLAMINE,506767,19.80,20.00,5,20.00,10,5
INE418H01029,ALLCARGO,532749,22.54,20.00,5,20.00,10,5
INE835G01018,ALLDIGI,532633,16.62,20.00,5,20.00,10,5
INE0GV601021,ALLTIME,544479,19.56,20.00,5,20.00,10,5
INE270A01029,ALOKINDS,521070,18.88,20.00,5,20.00,10,5
INF174KA1IA5,ALPHA,590154,9.92,20.00,5,20.00,10,5
INF769K01KU7,ALPHAETF,544007,9.67,20.00,5,20.00,10,5
INE1JCQ01037,ALPINETEX,544825,25.00,20.00,5,20.00,10,5
INF109KC17V7,ALPL30IETF,543219,8.00,20.00,5,20.00,10,5
INE121R01077,AMAGI,544679,18.11,20.00,5,20.00,10,5
INE371P01015,AMBER,540902,21.74,20.00,5,20.00,10,5
INE540G01014,AMBIKCO,531978,18.13,20.00,5,20.00,10,5
INE079A01024,AMBUJACEM,500425,15.21,20.00,5,20.00,10,5
INE098F01031,AMRUTANJAN,590006,14.53,20.00,5,20.00,10,5
INE463V01026,ANANDRATHI,543415,13.81,20.00,5,20.00,10,5
INE242C01024,ANANTRAJ,515055,23.66,20.00,5,20.00,10,5
INE435A01051,ANDHRAPAP,502330,14.48,20.00,5,20.00,10,5
INE715B01021,ANDHRSUGAR,590062,19.57,20.00,5,20.00,10,5
INE732I01021,ANGELONE,543235,21.49,20.00,5,20.00,10,5
INE818A01017,ANTELOPUS,530075,28.81,20.00,5,20.00,10,5
INE0CZ201020,ANTHEM,544449,13.36,20.00,5,20.00,10,5
INE294Z01018,ANUP,542460,22.85,20.00,5,20.00,10,5
INE930P01018,ANURAS,543275,13.62,20.00,5,20.00,10,5
INF1J2R01056,AONELIQUID,Not listed in BSE,8.00,20.00,5,20.00,10,5
INE372A01015,APARINDS,532259,22.99,20.00,5,20.00,10,5
INE116A01032,APCOTEXIND,523694,20.71,20.00,5,20.00,10,5
INE346W01013,APEX,540692,27.38,20.00,5,20.00,10,5
INE702C01027,APLAPOLLO,533758,14.95,20.00,5,20.00,10,5
INE901L01018,APLLTD,533573,15.84,20.00,5,20.00,10,5
INE713T01028,APOLLO,540879,28.06,20.00,5,20.00,10,5
INE437A01024,APOLLOHOSP,508869,12.50,20.00,5,20.00,10,5
INE126J01016,APOLLOPIPE,531761,21.99,20.00,5,20.00,10,5
INE438A01022,APOLLOTYRE,500877,14.82,20.00,5,20.00,10,5
INE852O01025,APTUS,543335,16.87,20.00,5,20.00,10,5
INE885A01032,ARE&M,500008,16.67,20.00,5,20.00,10,5
INE784R01023,ARFIN,539151,21.52,20.00,5,20.00,10,5
INE413D01011,ARIHANT,531381,25.00,20.00,5,20.00,10,5
INE420B01036,ARIHANTCAP,511605,23.96,20.00,5,20.00,10,5
INE0H9P01028,ARIS,544419,21.66,20.00,5,20.00,10,5
INE0QRL01017,ARKADE,544261,18.03,20.00,5,20.00,10,5
INE109C01017,ARMANFIN,531179,21.16,20.00,5,20.00,10,5
INE549H01021,ARSSBL,544530,17.42,20.00,5,20.00,10,5
INE025R01021,ARTEMISMED,542919,19.05,20.00,5,20.00,10,5
INE034A01011,ARVIND,500101,19.81,20.00,5,20.00,10,5
INE955V01021,ARVINDFASN,542484,17.97,20.00,5,20.00,10,5
INE034S01021,ARVSMART,539301,18.30,20.00,5,20.00,10,5
INE439A01020,ASAHIINDIA,515030,17.58,20.00,5,20.00,10,5
INE900C01027,ASAL,520119,21.98,20.00,5,20.00,10,5
INE073G01016,ASALCBR,507526,21.54,20.00,5,20.00,10,5
INE348A01023,ASHAPURMIN,527001,26.97,20.00,5,20.00,10,5
INE365D01021,ASHIANA,523716,17.79,20.00,5,20.00,10,5
INE442H01029,ASHOKA,533271,19.84,20.00,5,20.00,10,5
INE208A01029,ASHOKLEY,500477,18.19,20.00,5,20.00,10,5
INE276G01015,ASIANENE,530355,24.00,20.00,5,20.00,10,5
INE363A01022,ASIANHOTNR,500023,22.17,20.00,5,20.00,10,5
INE021A01026,ASIANPAINT,500820,12.54,20.00,5,20.00,10,5
INE022I01019,ASIANTILES,532888,24.69,20.00,5,20.00,10,5
INE491J01022,ASKAUTOLTD,544022,19.22,20.00,5,20.00,10,5
INE867C01010,ASMTEC,526433,25.32,20.00,5,20.00,10,5
INE563J01010,ASTEC,533138,25.45,20.00,5,20.00,10,5
INE914M01019,ASTERDM,540975,15.65,20.00,5,20.00,10,5
INE006I01046,ASTRAL,532830,15.46,20.00,5,20.00,10,5
INE386C01029,ASTRAMICRO,532493,20.91,20.00,5,20.00,10,5
INE203A01020,ASTRAZEN,506820,15.20,20.00,5,20.00,10,5
INE0ALR01029,ATALREAL,543911,21.74,20.00,5,20.00,10,5
INE399L01023,ATGL,542066,22.48,20.00,5,20.00,10,5
INE0LEZ01016,ATHERENERG,544397,21.31,20.00,5,20.00,10,5
INE0Z4F01028,ATLANTAELE,544527,21.85,20.00,5,20.00,10,5
INE100A01010,ATUL,500027,14.31,20.00,5,20.00,10,5
INE951D01028,ATULAUTO,531795,22.04,20.00,5,20.00,10,5
INE949L01017,AUBANK,540611,15.77,20.00,5,20.00,10,5
INE132H01018,AURIONPRO,532668,23.77,20.00,5,20.00,10,5
INE406A01037,AUROPHARMA,524804,14.49,20.00,5,20.00,10,5
INE898S01029,AURUM,539289,19.68,20.00,5,20.00,10,5
INE449A01011,AUTOAXLES,505010,15.97,20.00,5,20.00,10,5
INF204KC1337,AUTOBEES,Not listed in BSE,12.50,20.00,5,20.00,10,5
INF109KC10V2,AUTOIETF,543450,12.50,20.00,5,20.00,10,5
INE349W01017,AVADHSUGAR,540649,20.75,20.00,5,20.00,10,5
INE0LCL01028,AVALON,543896,25.09,20.00,5,20.00,10,5
INE005B01027,AVANTEL,532406,22.41,20.00,5,20.00,10,5
INE871C01038,AVANTIFEED,512573,24.83,20.00,5,20.00,10,5
INE679V01027,AVL,540205,18.14,20.00,5,20.00,10,5
INE108V01019,AWFIS,544181,21.94,20.00,5,20.00,10,5
INE01BK01022,AWHCL,543254,21.64,20.00,5,20.00,10,5
INE699H01024,AWL,543458,16.42,20.00,5,20.00,10,5
INE238A01034,AXISBANK,532215,13.08,20.00,5,20.00,10,5
INE555B01013,AXISCADES,532395,24.47,20.00,5,20.00,10,5
INE501X01029,AYE,544699,21.59,20.00,5,20.00,10,5
INE193B01039,AYMSYNTEX,508933,22.77,20.00,5,20.00,10,5
INE02IJ01035,AZAD,544061,21.22,20.00,5,20.00,10,5
INE917I01010,BAJAJ-AUTO,532977,13.33,20.00,5,20.00,10,5
INE933K01021,BAJAJCON,533229,22.87,20.00,5,20.00,10,5
INE193E01025,BAJAJELEC,500031,16.71,20.00,5,20.00,10,5
INE918I01026,BAJAJFINSV,532978,13.53,20.00,5,20.00,10,5
INE411U01027,BAJAJHCARE,539872,24.02,20.00,5,20.00,10,5
INE377Y01014,BAJAJHFL,544252,12.95,20.00,5,20.00,10,5
INE306A01021,BAJAJHIND,500032,19.59,20.00,5,20.00,10,5
INE118A01012,BAJAJHLDNG,500490,15.53,20.00,5,20.00,10,5
INE0KQN01018,BAJEL,544042,21.98,20.00,5,20.00,10,5
INE296A01032,BAJFINANCE,500034,15.74,20.00,5,20.00,10,5
INE794B01026,BALAJITELE,532382,25.73,20.00,5,20.00,10,5
INE050E01027,BALAMINES,530999,25.67,20.00,5,20.00,10,5
INE787D01026,BALKRISIND,502355,17.23,20.00,5,20.00,10,5
INE164A01016,BALMLAWRIE,523319,15.45,20.00,5,20.00,10,5
INE119A01028,BALRAMCHIN,500038,17.60,20.00,5,20.00,10,5
INE011E01029,BALUFORGE,531112,24.35,20.00,5,20.00,10,5
INE459A01010,BANARISUG,500041,12.50,20.00,5,20.00,10,5
INE213C01025,BANCOINDIA,500039,23.92,20.00,5,20.00,10,5
INE545U01014,BANDHANBNK,541153,21.15,20.00,5,20.00,10,5
INF740KA1YH2,BANK10ADD,544725,12.50,20.00,5,20.00,10,5
INE028A01039,BANKBARODA,532134,15.26,20.00,5,20.00,10,5
INF204KB15I9,BANKBEES,590106,12.50,20.00,5,20.00,10,5
INF789F1AUV1,BANKBETA,543226,12.50,20.00,5,20.00,10,5
INF109KC15I8,BANKIETF,542730,12.50,20.00,5,20.00,10,5
INE084A01016,BANKINDIA,532149,17.21,20.00,5,20.00,10,5
INF174KA1ZB7,BANKNIFTY1,590136,12.50,20.00,5,20.00,10,5
INE0B9K01025,BANSALWIRE,544209,19.11,20.00,5,20.00,10,5
INE373A01013,BASF,500042,17.14,20.00,5,20.00,10,5
INE176A01028,BATAINDIA,500043,15.87,20.00,5,20.00,10,5
INE462A01022,BAYERCROP,506285,13.28,20.00,5,20.00,10,5
INF754K01OB1,BBETF0432,543418,12.50,20.00,5,20.00,10,5
INE464A01036,BBL,503960,20.78,20.00,5,20.00,10,5
INE676A01027,BBOX,500463,22.50,20.00,5,20.00,10,5
INE050A01025,BBTC,501425,16.88,20.00,5,20.00,10,5
INE425B01027,BCG,532368,30.54,20.00,5,20.00,10,5
INE412G01024,BCLIND,524332,20.90,20.00,5,20.00,10,5
INE171Z01026,BDL,541143,20.01,20.00,5,20.00,10,5
INE495P01020,BECTORFOOD,543253,20.36,20.00,5,20.00,10,5
INE263A01024,BEL,500049,14.72,20.00,5,20.00,10,5
INE894V01022,BELRISE,544405,16.97,20.00,5,20.00,10,5
INE258A01024,BEML,500048,21.17,20.00,5,20.00,10,5
INE083K01017,BENGALASM,533095,14.03,20.00,5,20.00,10,5
INE922A01025,BEPL,500052,18.88,20.00,5,20.00,10,5
INE463A01038,BERGEPAINT,509480,14.81,20.00,5,20.00,10,5
INE052T01021,BESTAGRO,539660,28.27,20.00,5,20.00,10,5
INE351Y01019,BETA,203739,23.81,20.00,5,20.00,10,5
INE878K01010,BFINVEST,533303,19.91,20.00,5,20.00,10,5
INF769K01HI8,BFSI,543323,12.50,20.00,5,20.00,10,5
INE243D01012,BFUTILITIE,532430,23.30,20.00,5,20.00,10,5
INE414D01027,BHAGCHEM,531719,22.00,20.00,5,20.00,10,5
INE05XR01022,BHARATCOAL,544678,16.58,20.00,5,20.00,10,5
INE465A01025,BHARATFORG,500493,15.75,20.00,5,20.00,10,5
INE838B01021,BHARATRAS,590021,20.91,20.00,5,20.00,10,5
INE415D01024,BHARATSE,523229,28.04,20.00,5,20.00,10,5
INE316L01019,BHARATWIRE,539799,25.19,20.00,5,20.00,10,5
INE397D01024,BHARTIARTL,532454,12.50,20.00,5,20.00,10,5
INE343G01021,BHARTIHEXA,544162,15.71,20.00,5,20.00,10,5
INE257A01026,BHEL,500103,18.98,20.00,5,20.00,10,5
INE00E101023,BIKAJI,543653,14.26,20.00,5,20.00,10,5
INE376G01013,BIOCON,532523,14.98,20.00,5,20.00,10,5
INE340A01012,BIRLACORPN,500335,17.86,20.00,5,20.00,10,5
INE865C01022,BIRLAMONEY,532974,21.60,20.00,5,20.00,10,5
INE557A01011,BIRLANU,509675,20.16,20.00,5,20.00,10,5
INE0UIZ01018,BLACKBUCK,544288,19.96,20.00,5,20.00,10,5
INE350H01032,BLKASHYAP,532719,22.93,20.00,5,20.00,10,5
INE153T01027,BLS,540073,21.76,20.00,5,20.00,10,5
INE0NLT01010,BLSE,544107,21.34,20.00,5,20.00,10,5
INE373T01047,BLUECLOUDS,539607,31.25,20.00,5,20.00,10,5
INE233B01017,BLUEDART,526612,15.39,20.00,5,20.00,10,5
INE0KBH01020,BLUEJET,544009,23.91,20.00,5,20.00,10,5
INE472A01039,BLUESTARCO,500067,17.24,20.00,5,20.00,10,5
INE304W01038,BLUESTONE,544484,21.84,20.00,5,20.00,10,5
INE0U4101014,BLUSPRING,544414,24.86,20.00,5,20.00,10,5
INE032A01023,BOMDYEING,500020,20.69,20.00,5,20.00,10,5
INE16SF01016,BORANA,544404,18.07,20.00,5,20.00,10,5
INE02PY01013,BOROLTD,543212,19.16,20.00,5,20.00,10,5
INE666D01022,BORORENEW,502219,20.79,20.00,5,20.00,10,5
INE02L001032,BOROSCI,544184,21.04,20.00,5,20.00,10,5
INE782A01015,BOSCH-HCIL,523398,18.82,20.00,5,20.00,10,5
INE323A01026,BOSCHLTD,500530,14.46,20.00,5,20.00,10,5
INE029A01011,BPCL,500547,15.63,20.00,5,20.00,10,5
INE791I01019,BRIGADE,532929,18.35,20.00,5,20.00,10,5
INE03NU01014,BRIGHOTEL,544457,12.50,20.00,5,20.00,10,5
INE216A01030,BRITANNIA,500825,12.50,20.00,5,20.00,10,5
INE118H01025,BSE,201890,21.67,20.00,5,20.00,10,5
INF209KB18D3,BSLGOLDETF,533408,14.24,20.00,5,20.00,10,5
INF209KB19D1,BSLNIFTY,543474,8.00,20.00,5,20.00,10,5
INE836A01035,BSOFT,532400,18.91,20.00,5,20.00,10,5
INE24OJ01011,BUILDPRO,544517,20.74,20.00,5,20.00,10,5
INE295F01017,BUTTERFLY,517421,20.76,20.00,5,20.00,10,5
INE052I01032,CAMLINFINE,532834,27.02,20.00,5,20.00,10,5
INE278Y01022,CAMPUS,543523,15.44,20.00,5,20.00,10,5
INE596I01020,CAMS,543232,16.62,20.00,5,20.00,10,5
INE476A01022,CANBK,532483,15.97,20.00,5,20.00,10,5
INE477A01020,CANFINHOME,511196,14.77,20.00,5,20.00,10,5
INE01TY01017,CANHLIFE,544583,13.23,20.00,5,20.00,10,5
INE068L01024,CANTABIL,533267,19.15,20.00,5,20.00,10,5
INE264T01014,CAPACITE,540710,22.39,20.00,5,20.00,10,5
INE0ILV01024,CAPILLARY,544614,17.88,20.00,5,20.00,10,5
INE646H01017,CAPITALSFB,544120,14.41,20.00,5,20.00,10,5
INE475E01026,CAPLIPOINT,524742,18.37,20.00,5,20.00,10,5
INE120A01034,CARBORUNIV,513375,16.88,20.00,5,20.00,10,5
INE752H01013,CARERATING,534804,16.96,20.00,5,20.00,10,5
INE0V7W01012,CARRARO,544320,22.06,20.00,5,20.00,10,5
INE290S01011,CARTRADE,543333,26.29,20.00,5,20.00,10,5
INE482D01024,CARYSIL,524091,22.72,20.00,5,20.00,10,5
INF109K1A021,CASHIETF,544380,8.00,20.00,5,20.00,10,5
INE172A01027,CASTROLIND,500870,12.50,20.00,5,20.00,10,5
INE483S01020,CCAVENUE,539807,20.14,20.00,5,20.00,10,5
INE421D01022,CCL,519600,17.26,20.00,5,20.00,10,5
INE736A01011,CDSL,201232,17.58,20.00,5,20.00,10,5
INE482A01020,CEATLTD,500878,19.13,20.00,5,20.00,10,5
INE0AG901020,CEIGALL,544223,16.07,20.00,5,20.00,10,5
INE016Q01014,CEINSYS,538734,26.12,20.00,5,20.00,10,5
INE0LMW01024,CELLO,544012,17.19,20.00,5,20.00,10,5
INE485A01015,CENTENKA,500280,19.25,20.00,5,20.00,10,5
INE483A01010,CENTRALBK,532885,17.11,20.00,5,20.00,10,5
INE320B01020,CENTUM,517544,24.43,20.00,5,20.00,10,5
INE348B01021,CENTURYPLY,532548,14.98,20.00,5,20.00,10,5
INE739E01017,CERA,532443,15.88,20.00,5,20.00,10,5
INE486A01021,CESC,500084,15.60,20.00,5,20.00,10,5
INE037Z01029,CEWATER,544315,24.14,20.00,5,20.00,10,5
INE180C01042,CGCL,531595,19.67,20.00,5,20.00,10,5
INE067A01029,CGPOWER,500093,17.95,20.00,5,20.00,10,5
INE427F01016,CHALET,542399,15.72,20.00,5,20.00,10,5
INE085A01013,CHAMBLFERT,500085,16.22,20.00,5,20.00,10,5
INE488A01050,CHEMPLASTS,543336,22.03,20.00,5,20.00,10,5
INE178A01016,CHENNPETRO,500110,23.65,20.00,5,20.00,10,5
INE102B01014,CHOICEIN,531358,16.18,20.00,5,20.00,10,5
INE121A01024,CHOLAFIN,511243,17.40,20.00,5,20.00,10,5
INE149A01033,CHOLAHLDNG,504973,18.84,20.00,5,20.00,10,5
INE536H01010,CIEINDIA,532756,16.28,20.00,5,20.00,10,5
INE059A01026,CIPLA,500087,12.50,20.00,5,20.00,10,5
INE227W01023,CLEAN,543318,16.99,20.00,5,20.00,10,5
INE647U01026,CLEANMAX,544717,18.33,20.00,5,20.00,10,5
INE419D01026,CLSEL,530307,21.69,20.00,5,20.00,10,5
INE11XY01018,CMLL,544833,25.00,20.00,5,20.00,10,5
INE05HV01027,CMPDI,544739,15.61,20.00,5,20.00,10,5
INE00WV01027,CMRGREEN,544777,12.50,20.00,5,20.00,10,5
INE925R01014,CMSINFO,543441,15.14,20.00,5,20.00,10,5
INE985W01018,CNL,544631,22.02,20.00,5,20.00,10,5
INE522F01014,COALINDIA,533278,12.91,20.00,5,20.00,10,5
INE704P01025,COCHINSHIP,540678,20.86,20.00,5,20.00,10,5
INE515A01019,COCKERILL,500147,27.28,20.00,5,20.00,10,5
INE591G01025,COFORGE,532541,19.61,20.00,5,20.00,10,5
INE03QK01018,COHANCE,543064,23.07,20.00,5,20.00,10,5
INE259A01022,COLPAL,500830,13.33,20.00,5,20.00,10,5
INE073V01015,COMSYN,539986,25.78,20.00,5,20.00,10,5
INE111A01025,CONCOR,531344,15.14,20.00,5,20.00,10,5
INE338H01029,CONCORDBIO,543960,20.61,20.00,5,20.00,10,5
INE552D01024,CONFIPET,526829,27.80,50.00,2,50.00,10,2
INF204KA1LD7,CONSUMBEES,Not listed in BSE,12.50,20.00,5,20.00,10,5
INE663B01015,CONTROLPR,522295,19.46,20.00,5,20.00,10,5
INE0LZF01013,CORDELIA,544802,12.76,20.00,5,20.00,10,5
INE169A01031,COROMANDEL,506395,16.25,20.00,5,20.00,10,5
INE02ZQ01018,CORONA,544644,13.28,20.00,5,20.00,10,5
INE757A01017,COSMOFIRST,508814,22.06,20.00,5,20.00,10,5
INF457M01133,CPSEETF,538057,12.50,20.00,5,20.00,10,5
INE00LO01017,CRAFTSMAN,543276,18.50,20.00,5,20.00,10,5
INE218I01013,CRAMC,544580,16.25,20.00,5,20.00,10,5
INE741K01010,CREDITACC,541770,20.32,20.00,5,20.00,10,5
INE007A01025,CRISIL,500092,15.21,20.00,5,20.00,10,5
INE0S4R01014,CRIZAC,544439,18.90,20.00,5,20.00,10,5
INE299U01018,CROMPTON,539876,15.80,20.00,5,20.00,10,5
INE679A01013,CSBBANK,542867,20.54,20.00,5,20.00,10,5
INE0ZK601013,CSM,544806,25.00,20.00,5,20.00,10,5
INE491A01021,CUB,532210,18.41,20.00,5,20.00,10,5
INE298A01020,CUMMINSIND,500480,15.44,20.00,5,20.00,10,5
INE509F01029,CUPID,530843,26.58,50.00,2,50.00,10,2
INE136B01020,CYIENT,532175,17.14,20.00,5,20.00,10,5
INE055S01018,CYIENTDLM,543933,21.01,20.00,5,20.00,10,5
INE016A01026,DABUR,500096,12.73,20.00,5,20.00,10,5
INE00R701025,DALBHARAT,542216,14.67,20.00,5,20.00,10,5
INE495A01022,DALMIASUG,500097,21.53,20.00,5,20.00,10,5
INE284H01025,DAMCAPITAL,544316,21.13,20.00,5,20.00,10,5
INE365B01017,DATAMATICS,532528,22.35,20.00,5,20.00,10,5
INE0IX101010,DATAPATTNS,543428,25.20,20.00,5,20.00,10,5
INE950I01011,DBCORP,533151,16.49,20.00,5,20.00,10,5
INE917M01012,DBL,540047,19.31,20.00,5,20.00,10,5
INE0I3401014,DBOL,543593,21.23,20.00,5,20.00,10,5
INE385W01011,DCAL,540701,26.05,20.00,5,20.00,10,5
INE503A01015,DCBBANK,532772,18.08,20.00,5,20.00,10,5
INE0A1101019,DCI,543636,25.10,20.00,5,20.00,10,5
INE499A01024,DCMSHRIRAM,523367,16.75,20.00,5,20.00,10,5
INE843D01027,DCMSRIND,523369,20.93,20.00,5,20.00,10,5
INE500A01029,DCW,500117,22.65,20.00,5,20.00,10,5
INE0KL801015,DCXINDIA,543650,23.28,20.00,5,20.00,10,5
INE0HR601026,DDEVPLSTIK,543547,22.99,20.00,5,20.00,10,5
INE583C01021,DECCANCE,502137,19.49,20.00,5,20.00,10,5
INE945F01025,DECNGOLD,512068,31.63,20.00,5,20.00,10,5
INE501A01019,DEEPAKFERT,500645,21.28,20.00,5,20.00,10,5
INE288B01029,DEEPAKNTR,506401,15.72,20.00,5,20.00,10,5
INE0FHS01024,DEEPINDS,543288,22.67,20.00,5,20.00,10,5
INF769K01QC2,DEFENCE,544705,12.50,20.00,5,20.00,10,5
INE148O01028,DELHIVERY,543529,16.43,20.00,5,20.00,10,5
INE124G01033,DELTACORP,532848,23.32,20.00,5,20.00,10,5
INE947J01015,DEN,533137,17.96,20.00,5,20.00,10,5
INE0R4L01018,DENTA,544345,23.61,20.00,5,20.00,10,5
INE872J01023,DEVYANI,543330,18.96,20.00,5,20.00,10,5
INE041A01016,DHAMPURSUG,500119,18.36,20.00,5,20.00,10,5
INE680A01011,DHANBANK,532180,20.97,20.00,5,20.00,10,5
INE435G01025,DHANUKA,507717,17.03,20.00,5,20.00,10,5
INE00OQ01016,DHARMAJ,543687,19.20,20.00,5,20.00,10,5
INE393P01035,DIAMONDYD,540724,18.37,20.00,5,20.00,10,5
INE184O01015,DIFFNKG,544264,22.09,20.00,5,20.00,10,5
INE0U4701011,DIGITIDE,544413,23.78,20.00,5,20.00,10,5
INE753U01022,DIVGIITTS,543812,20.69,20.00,5,20.00,10,5
INE361B01024,DIVISLAB,532488,13.37,20.00,5,20.00,10,5
INE935N01020,DIXON,540699,19.76,20.00,5,20.00,10,5
INE0B1K01014,DJML,543193,23.51,20.00,5,20.00,10,5
INE271C01023,DLF,532868,16.37,20.00,5,20.00,10,5
INE250K01012,DLINKINDIA,533146,18.28,20.00,5,20.00,10,5
INE192R01011,DMART,540376,14.01,20.00,5,20.00,10,5
INE505A01010,DMCC,506405,23.46,20.00,5,20.00,10,5
INE021O01019,DODLA,543306,16.51,20.00,5,20.00,10,5
INE325C01035,DOLLAR,541403,19.17,20.00,5,20.00,10,5
INE321T01012,DOMS,544045,15.93,20.00,5,20.00,10,5
INE266Y01019,DPABHUSHAN,544161,21.86,20.00,5,20.00,10,5
INE506A01018,DREDGECORP,523618,27.33,20.00,5,20.00,10,5
INE089A01031,DRREDDY,500124,12.68,20.00,5,20.00,10,5
INE417B01040,DSSL,532365,26.62,20.00,5,20.00,10,5
INE366A01041,DWARKESH,532610,20.64,20.00,5,20.00,10,5
INE600Y01019,DYCL,540795,27.98,20.00,5,20.00,10,5
INE221B01012,DYNAMATECH,505242,21.43,20.00,5,20.00,10,5
INE07O001026,EASEMYTRIP,543272,25.67,20.00,5,20.00,10,5
INF754K01KO2,EBBETF0430,542909,12.50,20.00,5,20.00,10,5
INF754K01LE1,EBBETF0431,543216,12.50,20.00,5,20.00,10,5
INF754K01QX0,EBBETF0433,543699,12.50,20.00,5,20.00,10,5
INE18JU01028,EBGNG,544455,22.35,20.00,5,20.00,10,5
INE738I01010,ECLERX,532927,22.62,20.00,5,20.00,10,5
INE532F01054,EDELWEISS,532922,21.17,20.00,5,20.00,10,5
INE886D01026,EFCIL,512008,22.59,20.00,5,20.00,10,5
INF754K01SE6,EGOLD,Not listed in BSE,14.31,20.00,5,20.00,10,5
INE066A01021,EICHERMOT,505200,14.23,20.00,5,20.00,10,5
INE126A01031,EIDPARRY,500125,15.60,20.00,5,20.00,10,5
INE0LLY01014,EIEL,544290,23.71,20.00,5,20.00,10,5
INE230A01023,EIHOTEL,500840,16.71,20.00,5,20.00,10,5
INE158B01016,EIMCOELECO,523708,24.56,20.00,5,20.00,10,5
INE184H01027,EKC,532684,21.36,20.00,5,20.00,10,5
INE280B01018,ELANTAS,500123,20.74,20.00,5,20.00,10,5
INE927X01018,ELCIDIN,503681,17.99,20.00,5,20.00,10,5
INE205B01031,ELECON,505700,22.49,20.00,5,20.00,10,5
INE086A01029,ELECTCAST,500128,23.50,20.00,5,20.00,10,5
INE822G01016,ELECTHERM,526608,29.04,20.00,5,20.00,10,5
INE285A01027,ELGIEQUIP,522074,17.69,20.00,5,20.00,10,5
INE050401020,ELIN,543725,23.18,20.00,5,20.00,10,5
INE669R01026,ELITECON,539533,73.54,100.00,1,100.00,10,1
INE236E01022,ELLEN,544421,21.39,20.00,5,20.00,10,5
INE579B01039,ELPROINTL,504000,19.15,20.00,5,20.00,10,5
INE548C01032,EMAMILTD,531162,14.97,20.00,5,20.00,10,5
INE069I01010,EMBDL,532832,25.88,20.00,5,20.00,10,5
INE168P01015,EMCURE,544210,16.70,20.00,5,20.00,10,5
INE02YR01019,EMIL,543626,23.65,20.00,5,20.00,10,5
INE1C6T01020,EMMVEE,544608,20.49,20.00,5,20.00,10,5
INE0OV601013,EMSLIMITED,543983,26.30,20.00,5,20.00,10,5
INE01QM01018,EMUDHRA,543533,18.17,20.00,5,20.00,10,5
INE913H01037,ENDURANCE,540153,16.35,20.00,5,20.00,10,5
INF769K01PR2,ENERGY,544604,12.50,20.00,5,20.00,10,5
INE510A01028,ENGINERSIN,532178,21.55,20.00,5,20.00,10,5
INE1NPP01017,ENRIN,544390,17.82,20.00,5,20.00,10,5
INE010601016,ENTERO,544122,18.99,20.00,5,20.00,10,5
INE0G5901015,EPACK,544095,23.69,20.00,5,20.00,10,5
INE0MLS01022,EPACKPEB,544540,24.64,20.00,5,20.00,10,5
INE071N01016,EPIGRAL,543332,21.51,20.00,5,20.00,10,5
INE255A01020,EPL,500135,16.99,20.00,5,20.00,10,5
INE063P01018,EQUITASBNK,543243,17.78,20.00,5,20.00,10,5
INE406M01024,ERIS,540596,16.01,20.00,5,20.00,10,5
INE284A01012,ESABINDIA,500133,15.64,20.00,5,20.00,10,5
INE042A01014,ESCORTS,500495,15.81,20.00,5,20.00,10,5
INF754K01SF3,ESILVER,Not listed in BSE,23.98,20.00,5,20.00,10,5
INE758T01015,ETERNAL,543320,18.28,20.00,5,20.00,10,5
INE04TZ01018,ETHOSLTD,543532,19.06,20.00,5,20.00,10,5
INE0KCE01017,EUREKAFORB,543482,16.94,20.00,5,20.00,10,5
INE198501012,EUROPRATIK,544519,19.58,20.00,5,20.00,10,5
INE128A01029,EVEREADY,531508,17.97,20.00,5,20.00,10,5
INF769K01LQ3,EVINDIA,544212,12.50,20.00,5,20.00,10,5
INE606N01019,EXCELSOFT,544617,20.64,20.00,5,20.00,10,5
INE777F01014,EXICOM,544133,28.85,20.00,5,20.00,10,5
INE302A01020,EXIDEIND,500086,16.09,20.00,5,20.00,10,5
INE201K01015,EXPLEOSOL,533121,19.12,20.00,5,20.00,10,5
INE0HF201011,FABTECH,544558,18.92,20.00,5,20.00,10,5
INE188A01015,FACT,590024,21.70,20.00,5,20.00,10,5
INE045J01034,FCL,533333,26.95,20.00,5,20.00,10,5
INE258B01022,FDC,531599,15.58,20.00,5,20.00,10,5
INE417D01020,FEDDERSHOL,511628,23.70,20.00,5,20.00,10,5
INE171A01029,FEDERALBNK,500469,13.70,20.00,5,20.00,10,5
INE007N01010,FEDFINA,544027,19.14,20.00,5,20.00,10,5
INE225B01021,FERMENTA,506414,24.85,20.00,5,20.00,10,5
INE737H01014,FIEMIND,532768,17.73,20.00,5,20.00,10,5
INE816B01035,FILATEX,526227,22.72,20.00,5,20.00,10,5
INE235A01022,FINCABLES,500144,20.00,20.00,5,20.00,10,5
INE686Y01026,FINEORG,541557,15.89,20.00,5,20.00,10,5
INF109KC17L8,FINIETF,543677,12.50,20.00,5,20.00,10,5
INE02NC01014,FINOPB,543386,29.06,20.00,5,20.00,10,5
INE183A01024,FINPIPE,500940,16.25,20.00,5,20.00,10,5
INE02RE01045,FIRSTCRY,544226,21.27,20.00,5,20.00,10,5
INE771F01041,FISCHER,524743,24.49,20.00,5,20.00,10,5
INE128S01021,FIVESTAR,543663,19.75,20.00,5,20.00,10,5
INE00Y201027,FLAIR,544030,17.27,20.00,5,20.00,10,5
INE09N301011,FLUOROCHEM,542812,16.51,20.00,5,20.00,10,5
INF109KC19V3,FMCGIETF,543326,12.50,20.00,5,20.00,10,5
INE529A01010,FMGOETZE,505744,18.97,20.00,5,20.00,10,5
INE451A01017,FORCEMOT,500033,24.36,20.00,5,20.00,10,5
INE061F01013,FORTIS,532843,14.26,20.00,5,20.00,10,5
INE519A01011,FOSECOIND,500150,20.01,20.00,5,20.00,10,5
INE212S01015,FRACTAL,544700,17.33,20.00,5,20.00,10,5
INE572D01014,FRONTSP,522195,26.11,20.00,5,20.00,10,5
INE684F01012,FSL,532809,24.12,20.00,5,20.00,10,5
INE139R01012,FUSION,543652,23.23,20.00,5,20.00,10,5
INE524A01029,GABRIEL,505714,24.22,20.00,5,20.00,10,5
INE036B01030,GAEL,524226,18.39,20.00,5,20.00,10,5
INE129A01019,GAIL,532155,14.64,20.00,5,20.00,10,5
INE0RE001014,GALAPREC,544244,22.93,20.00,5,20.00,10,5
INE600K01018,GALAXYSURF,540935,15.30,20.00,5,20.00,10,5
INE297H01019,GALLANTT,532726,26.22,20.00,5,20.00,10,5
INE717W01049,GANDHAR,544029,23.79,20.00,5,20.00,10,5
INE845D01014,GANECOS,514167,23.52,20.00,5,20.00,10,5
INE652V01016,GANESHCP,544528,18.09,20.00,5,20.00,10,5
INE460C01014,GANESHHOU,526367,19.98,20.00,5,20.00,10,5
INE276A01018,GARFIBRES,509557,19.11,20.00,5,20.00,10,5
INE0JVO01026,GARUDA,544271,26.18,20.00,5,20.00,10,5
INE079J01017,GATEWAY,543489,16.20,20.00,5,20.00,10,5
INE199P01028,GCSL,543324,26.43,20.00,5,20.00,10,5
INE06XZ01023,GEMAROMA,544491,20.52,20.00,5,20.00,10,5
INE854S01022,GENCON,539407,25.02,20.00,5,20.00,10,5
INE727B01026,GENESYS,506109,31.82,20.00,5,20.00,10,5
INE955D01029,GENUSPOWER,530343,21.08,20.00,5,20.00,10,5
INE007B01023,GEOJITFSL,532285,20.15,20.00,5,20.00,10,5
INE017A01032,GESHIP,500620,18.27,20.00,5,20.00,10,5
INE539A01019,GHCL,500171,15.72,20.00,5,20.00,10,5
INE0PA801013,GHCLTEXTIL,543918,19.77,20.00,5,20.00,10,5
INE289B01019,GICHSGFIN,511676,14.06,20.00,5,20.00,10,5
INE481Y01014,GICRE,540755,15.58,20.00,5,20.00,10,5
INE322A01010,GILLETTE,507815,13.85,20.00,5,20.00,10,5
INF204KC1030,GILT5YBEES,Not listed in BSE,8.00,20.00,5,20.00,10,5
INE162A01010,GIPCL,517300,18.62,20.00,5,20.00,10,5
INE1AG301022,GKENERGY,544525,21.01,20.00,5,20.00,10,5
INE0V0W01025,GKSL,544666,12.82,20.00,5,20.00,10,5
INE068V01023,GLAND,543245,16.88,20.00,5,20.00,10,5
INE159A01016,GLAXO,500660,15.21,20.00,5,20.00,10,5
INE935A01035,GLENMARK,532296,15.17,20.00,5,20.00,10,5
INE615I01010,GLOBUSSPR,533104,19.86,20.00,5,20.00,10,5
INE075D01018,GMBREW,507488,19.83,20.00,5,20.00,10,5
INE131A01031,GMDCLTD,532181,23.82,20.00,5,20.00,10,5
INE541A01023,GMMPFAUDLR,505255,16.80,20.00,5,20.00,10,5
INE776C01039,GMRAIRPORT,532754,16.13,20.00,5,20.00,10,5
INE0CU601026,GMRP&UI,543490,21.06,20.00,5,20.00,10,5
INE934S01014,GNA,540124,22.21,20.00,5,20.00,10,5
INE113A01013,GNFC,500670,16.44,20.00,5,20.00,10,5
INE207H01018,GNRL,513536,23.55,20.00,5,20.00,10,5
INE426D01013,GOACARBON,509567,19.66,20.00,5,20.00,10,5
INE077F01035,GOCLCORP,506480,22.42,20.00,5,20.00,10,5
INE0BJS01011,GOCOLORS,543401,23.79,20.00,5,20.00,10,5
INE497S01012,GODAVARIB,544279,22.16,20.00,5,20.00,10,5
INE260B01028,GODFRYPHLP,500163,25.64,20.00,5,20.00,10,5
INE03JT01014,GODIGIT,544179,15.35,20.00,5,20.00,10,5
INE850D01014,GODREJAGRO,540743,15.49,20.00,5,20.00,10,5
INE102D01028,GODREJCP,532424,13.45,20.00,5,20.00,10,5
INE233A01035,GODREJIND,500164,21.13,20.00,5,20.00,10,5
INE484J01027,GODREJPROP,533150,18.43,20.00,5,20.00,10,5
INE887G01027,GOKEX,532630,25.42,20.00,5,20.00,10,5
INE314T01033,GOKULAGRO,539725,21.63,20.00,5,20.00,10,5
INF174KA1HJ8,GOLD1,590097,14.54,20.00,5,20.00,10,5
INF740KA1SW3,GOLDADD,543903,14.88,20.00,5,20.00,10,5
INF846K01W80,GOLDAXIS,533570,16.13,20.00,5,20.00,10,5
INF204KB17I5,GOLDBEES,590095,14.54,20.00,5,20.00,10,5
INF789F1AUX7,GOLDBETA,590101,13.96,20.00,5,20.00,10,5
INF0R8F01042,GOLDCASE,544132,14.34,20.00,5,20.00,10,5
INF769K01JP9,GOLDETF,543781,13.84,20.00,5,20.00,10,5
INE025B01025,GOLDIAM,526729,28.31,20.00,5,20.00,10,5
INF109KC1NT3,GOLDIETF,533244,14.87,20.00,5,20.00,10,5
INE127I01024,GOODLUCK,530655,22.49,20.00,5,20.00,10,5
INE533A01012,GOODYEAR,500168,12.50,20.00,5,20.00,10,5
INE0L9R01028,GOPAL,544140,16.79,20.00,5,20.00,10,5
INE177H01039,GPIL,532734,18.39,20.00,5,20.00,10,5
INE517F01014,GPPL,533248,15.77,20.00,5,20.00,10,5
INE486R01017,GPTHEALTH,544131,15.59,20.00,5,20.00,10,5
INE390G01014,GPTINFRA,533761,21.15,20.00,5,20.00,10,5
INE926B01016,GRANDOAK,523862,33.41,20.00,5,20.00,10,5
INE101D01020,GRANULES,532482,16.45,20.00,5,20.00,10,5
INE371A01025,GRAPHITE,509488,20.38,20.00,5,20.00,10,5
INE047A01021,GRASIM,500300,12.71,20.00,5,20.00,10,5
INE266D01021,GRAUWEIL,505710,20.91,20.00,5,20.00,10,5
INE024L01027,GRAVITA,533282,20.80,20.00,5,20.00,10,5
INE224A01026,GREAVESCOT,501455,23.68,20.00,5,20.00,10,5
INE544R01021,GREENLAM,538979,20.38,20.00,5,20.00,10,5
INE08ZM01014,GREENPANEL,542857,19.56,20.00,5,20.00,10,5
INE461C01038,GREENPLY,526797,20.08,20.00,5,20.00,10,5
INE999K01014,GREENPOWER,533263,20.89,20.00,5,20.00,10,5
INE536A01023,GRINDWELL,506076,19.16,20.00,5,20.00,10,5
INE201P01022,GRINFRA,543317,15.26,20.00,5,20.00,10,5
INE192H01020,GRMOVER,531449,23.79,20.00,5,20.00,10,5
INE0HOQ01053,GROWW,544603,19.29,20.00,5,20.00,10,5
INF666M01IO8,GROWWDEFNC,590157,13.44,20.00,5,20.00,10,5
INF666M01IH2,GROWWEV,Not listed in BSE,12.50,20.00,5,20.00,10,5
INF666M01OE7,GROWWGOLD,590156,14.50,20.00,5,20.00,10,5
INF666M01IP5,GROWWLIQID,590159,8.00,20.00,5,20.00,10,5
INF666M01LM6,GROWWPOWER,544473,12.50,20.00,5,20.00,10,5
INF666M01JJ6,GROWWRAIL,590158,12.50,20.00,5,20.00,10,5
INF666M01OF4,GROWWSLVR,590155,25.43,20.00,5,20.00,10,5
INE382Z01011,GRSE,542011,24.51,20.00,5,20.00,10,5
INE291A01017,GRWRHITECH,500655,27.34,20.00,5,20.00,10,5
INE026A01025,GSFC,500690,15.92,20.00,5,20.00,10,5
INE713R01022,GSPCROP,544733,15.48,20.00,5,20.00,10,5
INE742B01025,GUFICBIO,509079,18.77,20.00,5,20.00,10,5
INE186A01019,GUJALKALI,530001,19.70,20.00,5,20.00,10,5
INE844O01030,GUJENERGY,539336,21.20,20.00,5,20.00,10,5
INE942C01045,GUJTHEM,506879,25.04,20.00,5,20.00,10,5
INE635Q01029,GULFOILLUB,538567,16.95,20.00,5,20.00,10,5
INE255D01024,GULPOLY,532457,21.96,20.00,5,20.00,10,5
INE878A01011,GVPIL,532309,29.57,20.00,5,20.00,10,5
INE200A01026,GVT&D,522275,22.20,20.00,5,20.00,10,5
INE724A01017,GYFTR,507912,21.75,20.00,5,20.00,10,5
INE066F01020,HAL,541154,15.67,20.00,5,20.00,10,5
INE419U01012,HAPPSTMNDS,543227,17.90,20.00,5,20.00,10,5
INE330T01021,HAPPYFORGE,544057,16.62,20.00,5,20.00,10,5
INE626Z01029,HARDWYN,541276,26.23,20.00,5,20.00,10,5
INE00EV01017,HARIOMPIPE,543517,24.71,20.00,5,20.00,10,5
INE0JUS01029,HARSHA,543600,16.94,20.00,5,20.00,10,5
INE982F01036,HATHWAY,533162,17.02,20.00,5,20.00,10,5
INE473B01035,HATSUN,531531,15.96,20.00,5,20.00,10,5
INE176B01034,HAVELLS,517354,13.11,20.00,5,20.00,10,5
INE979B01015,HAWKINCOOK,508486,12.50,20.00,5,20.00,10,5
INE292B01021,HBLENGINE,517271,22.20,20.00,5,20.00,10,5
INE549A01026,HCC,500185,24.68,20.00,5,20.00,10,5
INE075I01017,HCG,539787,16.09,20.00,5,20.00,10,5
INE860A01027,HCLTECH,532281,15.11,20.00,5,20.00,10,5
INE756I01012,HDBFS,544429,12.53,20.00,5,20.00,10,5
INE127D01025,HDFCAMC,541729,16.44,20.00,5,20.00,10,5
INE040A01034,HDFCBANK,500180,12.50,20.00,5,20.00,10,5
INF179KC1981,HDFCGOLD,533230,14.53,20.00,5,20.00,10,5
INE795G01014,HDFCLIFE,540777,12.63,20.00,5,20.00,10,5
INF179KC1JG3,HDFCLIQUID,543973,8.00,20.00,5,20.00,10,5
INF179KC1HT0,HDFCMID150,543776,8.48,20.00,5,20.00,10,5
INF179KC1HS2,HDFCNEXT50,543570,8.86,20.00,5,20.00,10,5
INF179KC1HY0,HDFCNIFBAN,543224,12.50,20.00,5,20.00,10,5
INF179KC1965,HDFCNIFTY,539516,8.00,20.00,5,20.00,10,5
INF179KC1HZ7,HDFCPVTBAN,543666,12.50,20.00,5,20.00,10,5
INF179KC1DI2,HDFCSILVER,543592,25.60,20.00,5,20.00,10,5
INF179KC1FB2,HDFCSML250,543775,9.09,20.00,5,20.00,10,5
INF109KC1Q72,HEALTHIETF,543292,12.50,20.00,5,20.00,10,5
INE545A01024,HEG,509631,20.97,20.00,5,20.00,10,5
INE578A01017,HEIDELBERG,500292,12.84,20.00,5,20.00,10,5
INE0AJG01018,HEMIPROP,543242,20.48,20.00,5,20.00,10,5
INE978A01027,HERITGFOOD,519552,17.85,20.00,5,20.00,10,5
INE158A01026,HEROMOTOCO,500182,14.15,20.00,5,20.00,10,5
INE782E01017,HESTERBIO,524669,22.29,20.00,5,20.00,10,5
INE093A01041,HEXT,544362,18.54,20.00,5,20.00,10,5
INE548A01028,HFCL,500183,24.80,20.00,5,20.00,10,5
INE926X01010,HGINFRA,541019,19.13,20.00,5,20.00,10,5
INE170I01016,HGS,532859,16.72,20.00,5,20.00,10,5
INE475B01022,HIKAL,524735,21.44,20.00,5,20.00,10,5
INE049A01027,HIMATSEIDE,514043,21.89,20.00,5,20.00,10,5
INE038A01020,HINDALCO,500440,15.23,20.00,5,20.00,10,5
INE531E01026,HINDCOPPER,513599,24.50,20.00,5,20.00,10,5
INE345A01011,HINDOILEXP,500186,21.99,20.00,5,20.00,10,5
INE094A01015,HINDPETRO,500104,18.11,20.00,5,20.00,10,5
INE030A01027,HINDUNILVR,500696,12.50,20.00,5,20.00,10,5
INE05AN01011,HINDWAREAP,542905,24.50,20.00,5,20.00,10,5
INE267A01025,HINDZINC,500188,19.42,20.00,5,20.00,10,5
INE835D01023,HIRECT,504036,28.04,20.00,5,20.00,10,5
INE106T01025,HITECH,543411,20.81,20.00,5,20.00,10,5
INE461D01028,HLEGLAS,522215,24.41,20.00,5,20.00,10,5
INE0ECP01024,HMAAGRO,543929,18.09,20.00,5,20.00,10,5
INE254N01026,HNDFDS,519126,14.62,20.00,5,20.00,10,5
INF204KB19I1,HNGSNGBEES,590113,12.95,20.00,5,20.00,10,5
INE481N01025,HOMEFIRST,543259,19.28,20.00,5,20.00,10,5
INE0J5401028,HONASA,544014,18.07,20.00,5,20.00,10,5
INE671A01010,HONAUT,517174,15.74,20.00,5,20.00,10,5
INE634A01018,HONDAPOWER,522064,16.56,20.00,5,20.00,10,5
INE495S01016,HPL,540136,24.04,20.00,5,20.00,10,5
INE019C01026,HSCL,500184,19.15,20.00,5,20.00,10,5
INE501G01024,HTMEDIA,532662,21.70,20.00,5,20.00,10,5
INE703H01016,HUBTOWN,532799,24.01,20.00,5,20.00,10,5
INE031A01017,HUDCO,540530,18.63,20.00,5,20.00,10,5
INE275B01026,HUHTAMAKI,509820,20.33,20.00,5,20.00,10,5
INE0V6F01027,HYUNDAI,544274,14.72,20.00,5,20.00,10,5
INE520Y01019,ICEMAKE,201038,19.97,20.00,5,20.00,10,5
INE346A01027,ICICIAMC,544658,13.12,20.00,5,20.00,10,5
INF109KB15Y7,ICICIB22,540787,12.50,20.00,5,20.00,10,5
INE090A01021,ICICIBANK,532174,12.50,20.00,5,20.00,10,5
INE765G01017,ICICIGI,540716,13.80,20.00,5,20.00,10,5
INE726G01019,ICICIPRULI,540133,13.88,20.00,5,20.00,10,5
INE483B01026,ICIL,521016,26.80,20.00,5,20.00,10,5
INE725G01011,ICRA,532835,12.69,20.00,5,20.00,10,5
INE008A01015,IDBI,500116,22.60,20.00,5,20.00,10,5
INE669E01016,IDEA,532822,23.28,20.00,5,20.00,10,5
INE092T01019,IDFCFIRSTB,539437,16.12,20.00,5,20.00,10,5
INE022Q01020,IEX,540750,19.41,20.00,5,20.00,10,5
INE559A01017,IFBIND,505726,23.23,20.00,5,20.00,10,5
INE039A01010,IFCI,500106,26.46,20.00,5,20.00,10,5
INE133Y01011,IFGLEXPOR,540774,25.43,20.00,5,20.00,10,5
INE188B01013,IGARASHI,517380,23.50,20.00,5,20.00,10,5
INE05J901018,IGCL,544432,19.12,20.00,5,20.00,10,5
INE0Q9301021,IGIL,544311,18.37,20.00,5,20.00,10,5
INE203G01027,IGL,532514,15.56,20.00,5,20.00,10,5
INE204A01010,IGPL,500199,19.27,20.00,5,20.00,10,5
INE530B01024,IIFL,532636,20.92,20.00,5,20.00,10,5
INE489L01022,IIFLCAPS,542773,22.06,20.00,5,20.00,10,5
INE886A01014,IITL,501295,25.26,20.00,5,20.00,10,5
INE0LOJ01019,IKIO,543923,24.27,20.00,5,20.00,10,5
INE115Q01022,IKS,544309,17.57,20.00,5,20.00,10,5
INE172N01012,IMAGICAA,539056,19.91,20.00,5,20.00,10,5
INE919H01018,IMFA,533047,23.02,20.00,5,20.00,10,5
INE0LGX01024,INA,543620,19.35,20.00,5,20.00,10,5
INE065X01017,INDGN,544172,15.71,20.00,5,20.00,10,5
INE053A01029,INDHOTEL,500850,14.35,20.00,5,20.00,10,5
INE383A01012,INDIACEM,530005,17.60,20.00,5,20.00,10,5
INE560A01023,INDIAGLYCO,500201,19.94,20.00,5,20.00,10,5
INE933S01016,INDIAMART,542726,14.17,20.00,5,20.00,10,5
INE562A01011,INDIANB,532814,17.01,20.00,5,20.00,10,5
INE323C01030,INDIANHUME,504741,22.32,20.00,5,20.00,10,5
INE922K01024,INDIASHLTR,544044,16.57,20.00,5,20.00,10,5
INE646L01027,INDIGO,539448,17.09,20.00,5,20.00,10,5
INE09VQ01012,INDIGOPNTS,543258,17.07,20.00,5,20.00,10,5
INE06ST01018,INDIQUBE,544454,16.45,20.00,5,20.00,10,5
INE092B01025,INDNIPPON,532240,19.97,20.00,5,20.00,10,5
INE803D01021,INDOBORAX,524342,24.22,20.00,5,20.00,10,5
INE873D01024,INDOCO,532612,22.70,20.00,5,20.00,10,5
INE622H01018,INDOFARM,544328,23.95,20.00,5,20.00,10,5
INE084101034,INDOMIM,544837,12.50,20.00,5,20.00,10,5
INE156A01020,INDORAMA,500207,26.00,20.00,5,20.00,10,5
INE896L01010,INDOSTAR,541336,23.03,20.00,5,20.00,10,5
INE681B01017,INDRAMEDCO,532150,21.23,20.00,5,20.00,10,5
INE915B01019,INDSWFTLAB,532305,25.22,20.00,5,20.00,10,5
INE095A01012,INDUSINDBK,532187,17.29,20.00,5,20.00,10,5
INE121J01017,INDUSTOWER,534816,14.85,20.00,5,20.00,10,5
INE344S01016,INFOBEAN,543644,31.34,20.00,5,20.00,10,5
INF109KC16E5,INFRAIETF,543571,12.50,20.00,5,20.00,10,5
INE009A01021,INFY,500209,15.48,20.00,5,20.00,10,5
INE177A01018,INGERRAND,500210,16.37,20.00,5,20.00,10,5
INE0DUT01020,INNOVACAP,544067,18.06,20.00,5,20.00,10,5
INE616N01034,INOXINDIA,544046,19.10,20.00,5,20.00,10,5
INE066P01011,INOXWIND,539083,21.30,20.00,5,20.00,10,5
INE070I01018,INSECTICID,532851,17.30,20.00,5,20.00,10,5
INE306R01017,INTELLECT,538835,20.40,20.00,5,20.00,10,5
INE00M901018,INTERARCH,544232,20.75,20.00,5,20.00,10,5
INE565A01014,IOB,532388,16.31,20.00,5,20.00,10,5
INE242A01010,IOC,530965,14.48,20.00,5,20.00,10,5
INE485C01029,IOLCP,524164,24.48,20.00,5,20.00,10,5
INE570A01022,IONEXCHANG,500214,20.60,20.00,5,20.00,10,5
INE571A01038,IPCALAB,524494,15.35,20.00,5,20.00,10,5
INE0D6701023,IPL,543311,19.61,20.00,5,20.00,10,5
INE821I01022,IRB,532947,16.09,20.00,5,20.00,10,5
INE962Y01021,IRCON,541956,20.76,20.00,5,20.00,10,5
INE335Y01020,IRCTC,542830,13.17,20.00,5,20.00,10,5
INE202E01016,IREDA,544026,17.91,20.00,5,20.00,10,5
INE053F01010,IRFC,543257,16.80,20.00,5,20.00,10,5
INE01GN01025,IRISDOREME,210539,19.25,20.00,5,20.00,10,5
INE07U701015,IRMENERGY,544004,23.20,20.00,5,20.00,10,5
INE858B01029,ISGEC,533033,19.89,20.00,5,20.00,10,5
INF174KA1GC5,IT,Not listed in BSE,13.36,20.00,5,20.00,10,5
INF204KB15V2,ITBEES,590141,13.26,20.00,5,20.00,10,5
INE154A01025,ITC,500875,12.50,20.00,5,20.00,10,5
INE379A01028,ITCHOTELS,544325,15.67,20.00,5,20.00,10,5
INE353K01014,ITDC,532189,27.35,20.00,5,20.00,10,5
INF769K01KV5,ITETF,544006,13.37,20.00,5,20.00,10,5
INE248A01017,ITI,523610,21.41,20.00,5,20.00,10,5
INF109KC16I6,ITIETF,543221,13.25,20.00,5,20.00,10,5
INE056801025,IVALUE,544523,17.45,20.00,5,20.00,10,5
INF205KA1BP1,IVZINGOLD,533172,16.57,20.00,5,20.00,10,5
INE0HV901016,IXIGO,544192,25.79,20.00,5,20.00,10,5
INE848A01014,IZMO,532341,29.15,20.00,5,20.00,10,5
INE168A01041,J&KBANK,532209,21.48,20.00,5,20.00,10,5
INE199G01027,JAGRAN,532705,12.55,20.00,5,20.00,10,5
INE048B01035,JAGSNPHARM,507789,20.41,20.00,5,20.00,10,5
INE070D01027,JAICORPLTD,512237,23.07,20.00,5,20.00,10,5
INE0YD401026,JAINREC,544537,22.72,20.00,5,20.00,10,5
INE039C01032,JAMNAAUTO,520051,20.51,20.00,5,20.00,10,5
INE00YJ01010,JARO,544534,21.38,20.00,5,20.00,10,5
INE039O01029,JASH,544402,20.62,20.00,5,20.00,10,5
INE571B01036,JAYBARMARU,520066,28.17,20.00,5,20.00,10,5
INE903A01025,JAYKAY,500306,27.94,20.00,5,20.00,10,5
INE854B01010,JAYNECOIND,522285,26.87,20.00,5,20.00,10,5
INE927D01051,JBMA,532605,21.57,20.00,5,20.00,10,5
INE0MB501011,JGCHEM,544138,23.16,20.00,5,20.00,10,5
INE796G01012,JINDALPHOT,532624,24.56,20.00,5,20.00,10,5
INE197D01010,JINDALPOLY,500227,22.36,20.00,5,20.00,10,5
INE324A01032,JINDALSAW,500378,22.58,20.00,5,20.00,10,5
INE749A01030,JINDALSTEL,532286,15.16,20.00,5,20.00,10,5
INE742C01031,JINDRILL,511034,24.87,20.00,5,20.00,10,5
INE247D01039,JINDWORLD,531543,27.93,20.00,5,20.00,10,5
INE758E01017,JIOFIN,543940,15.64,20.00,5,20.00,10,5
INE175A01038,JISLJALEQS,500219,22.78,20.00,5,20.00,10,5
INE863T01013,JITFINFRA,540311,27.34,20.00,5,20.00,10,5
INE823G01014,JKCEMENT,532644,16.22,20.00,5,20.00,10,5
INE576I01022,JKIL,532940,17.09,20.00,5,20.00,10,5
INE786A01032,JKLAKSHMI,500380,15.02,20.00,5,20.00,10,5
INE789E01012,JKPAPER,532162,18.89,20.00,5,20.00,10,5
INE573A01042,JKTYRE,530007,19.14,20.00,5,20.00,10,5
INE682M01020,JLHL,543980,13.13,20.00,5,20.00,10,5
INE780C01023,JMFINANCIL,523405,21.42,20.00,5,20.00,10,5
INE0OAF01028,JNKINDIA,544167,26.65,20.00,5,20.00,10,5
INE05C901015,JNPR,544853,25.00,20.00,5,20.00,10,5
INE147P01019,JPOLYINVST,536773,23.34,20.00,5,20.00,10,5
INE351F01018,JPPOWER,532627,25.40,20.00,5,20.00,10,5
INE953L01027,JSFB,544118,20.68,20.00,5,20.00,10,5
INE220G01021,JSL,532508,16.78,20.00,5,20.00,10,5
INE0J5801029,JSLL,544476,25.13,20.00,5,20.00,10,5
INE718I01012,JSWCEMENT,544480,13.52,20.00,5,20.00,10,5
INE133A01011,JSWDULUX,500710,15.98,20.00,5,20.00,10,5
INE121E01018,JSWENERGY,533148,17.08,20.00,5,20.00,10,5
INE824G01012,JSWHL,532642,20.02,20.00,5,20.00,10,5
INE880J01026,JSWINFRA,543994,17.34,20.00,5,20.00,10,5
INE019A01038,JSWSTEEL,500228,13.08,20.00,5,20.00,10,5
INE643A01035,JTEKTINDIA,520057,20.12,20.00,5,20.00,10,5
INE391J01032,JTLIND,534600,27.34,20.00,5,20.00,10,5
INE03CC01015,JUBLCPL,544355,22.19,20.00,5,20.00,10,5
INE797F01020,JUBLFOOD,533155,16.81,20.00,5,20.00,10,5
INE0BY001018,JUBLINGREA,543271,19.25,20.00,5,20.00,10,5
INE700A01033,JUBLPHARMA,530019,16.46,20.00,5,20.00,10,5
INF732E01045,JUNIORBEES,590104,8.63,20.00,5,20.00,10,5
INE696F01016,JUNIPER,544129,17.39,20.00,5,20.00,10,5
INE599M01018,JUSTDIAL,535648,20.36,20.00,5,20.00,10,5
INE209L01016,JWL,533272,22.37,20.00,5,20.00,10,5
INE668F01031,JYOTHYLAB,532926,15.78,20.00,5,20.00,10,5
INE980O01024,JYOTICNC,544081,22.57,20.00,5,20.00,10,5
INE197A01024,JYOTISTRUC,513250,27.26,20.00,5,20.00,10,5
INE900B01029,KABRAEXTRU,524109,26.32,20.00,5,20.00,10,5
INE217B01036,KAJARIACER,500233,15.34,20.00,5,20.00,10,5
INE438K01021,KALAMANDIR,543989,21.50,20.00,5,20.00,10,5
INE227J01012,KALPATARU,544423,17.08,20.00,5,20.00,10,5
INE303R01014,KALYANKJIL,543278,24.15,20.00,5,20.00,10,5
INE411F01010,KAMAHOLD,532468,14.85,20.00,5,20.00,10,5
INE694E01014,KANPRPLA,507779,24.55,20.00,5,20.00,10,5
INE531A01024,KANSAINER,500165,14.72,20.00,5,20.00,10,5
INE542Z01028,KAPSTON,211859,20.80,20.00,5,20.00,10,5
INE036D01028,KARURVYSYA,590003,18.30,20.00,5,20.00,10,5
INE587G01015,KAYA,539276,23.44,20.00,5,20.00,10,5
INE918Z01012,KAYNES,543664,26.13,20.00,5,20.00,10,5
INE805C01028,KCP,590066,18.46,20.00,5,20.00,10,5
INE291D01011,KDDL,532054,23.04,20.00,5,20.00,10,5
INE389H01022,KEC,532714,19.23,20.00,5,20.00,10,5
INE134B01017,KECL,533193,24.23,20.00,5,20.00,10,5
INE878B01027,KEI,517569,18.55,20.00,5,20.00,10,5
INE164B01030,KELLTONTEC,519602,23.60,20.00,5,20.00,10,5
INE717A01029,KENNAMET,505890,20.21,20.00,5,20.00,10,5
INE202H01019,KERNEX,532686,28.27,20.00,5,20.00,10,5
INE138Y01010,KFINTECH,543720,19.76,20.00,5,20.00,10,5
INE029L01018,KICL,533302,17.57,20.00,5,20.00,10,5
INE967H01025,KIMS,543308,16.10,20.00,5,20.00,10,5
INE473D01015,KINGFA,524019,19.39,20.00,5,20.00,10,5
INE880L01014,KIOCL,540680,26.27,20.00,5,20.00,10,5
INE415I01015,KIRIINDUS,532967,22.13,20.00,5,20.00,10,5
INE884B01025,KIRLFER,500245,18.12,20.00,5,20.00,10,5
INE732A01036,KIRLOSBROS,500241,21.45,20.00,5,20.00,10,5
INE146L01010,KIRLOSENG,533293,22.79,20.00,5,20.00,10,5
INE250A01039,KIRLOSIND,500243,21.42,20.00,5,20.00,10,5
INE811A01020,KIRLPNU,505283,20.89,20.00,5,20.00,10,5
INE12F801023,KISSHT,544754,16.25,20.00,5,20.00,10,5
INE602G01020,KITEX,521248,25.98,20.00,5,20.00,10,5
INE401H01017,KKCL,532732,16.88,20.00,5,20.00,10,5
INE338F01015,KLBRENG-B,522101,16.93,20.00,5,20.00,10,5
INE879K01018,KMCSHIL,524520,19.49,20.00,5,20.00,10,5
INE0CJD01029,KMEW,543273,28.24,20.00,5,20.00,10,5
INE17QZ01016,KNACK,544814,12.50,20.00,5,20.00,10,5
INE634I01029,KNRCON,532942,19.34,20.00,5,20.00,10,5
INE094I01018,KOLTEPATIL,532924,17.76,20.00,5,20.00,10,5
INE237A01036,KOTAKBANK,500247,12.50,20.00,5,20.00,10,5
INE720A01015,KOTHARIPET,203356,20.79,20.00,5,20.00,10,5
INE972A01020,KOTIC,509732,25.00,20.00,5,20.00,10,5
INE177F01017,KOVAI,523323,14.97,20.00,5,20.00,10,5
INE127T01021,KPEL,539686,22.22,20.00,5,20.00,10,5
INE542W01025,KPIGREEN,542323,21.18,20.00,5,20.00,10,5
INE220B01022,KPIL,522287,16.55,20.00,5,20.00,10,5
INE04I401011,KPITTECH,542651,20.76,20.00,5,20.00,10,5
INE552U01010,KPL,539997,27.84,20.00,5,20.00,10,5
INE930H01031,KPRMILL,532889,20.43,20.00,5,20.00,10,5
INE001B01026,KRBL,530813,19.58,20.00,5,20.00,10,5
INE506W01020,KRISHANA,201480,22.85,20.00,5,20.00,10,5
INE0GGO01015,KRISHIVAL,544416,14.00,20.00,5,20.00,10,5
INE0J5601015,KRISHNADEF,208731,20.13,20.00,5,20.00,10,5
INE0ATZ01017,KRONOX,544187,20.43,20.00,5,20.00,10,5
INE0O6601022,KROSS,544253,22.54,20.00,5,20.00,10,5
INE08LI01020,KRSNAA,543328,16.34,20.00,5,20.00,10,5
INE999A01023,KSB,500249,16.30,20.00,5,20.00,10,5
INE455I01029,KSCL,532899,18.95,20.00,5,20.00,10,5
INE987S01020,KSHINTL,544664,20.52,20.00,5,20.00,10,5
INE907A01026,KSL,500235,19.03,20.00,5,20.00,10,5
INE0D6I01023,KSOLVES,543599,21.30,20.00,5,20.00,10,5
INE614B01018,KTKBANK,532652,16.77,20.00,5,20.00,10,5
INE529I01021,KUANTUM,532937,17.98,20.00,5,20.00,10,5
INE0ISX01025,KUSUMGAR,544821,25.00,20.00,5,20.00,10,5
INE2KCE01013,KWIL,544622,17.09,20.00,5,20.00,10,5
INE600L01024,LALPATHLAB,539524,15.42,20.00,5,20.00,10,5
INE559R01029,LANDMARK,543714,22.34,20.00,5,20.00,10,5
INE059D01020,LAOPALA,526947,15.61,20.00,5,20.00,10,5
INE17IR01028,LASERPOWER,544822,25.00,20.00,5,20.00,10,5
INE0I7C01011,LATENTVIEW,543398,21.30,20.00,5,20.00,10,5
INE947Q01028,LAURUSLABS,540222,16.36,20.00,5,20.00,10,5
INE0WO601020,LAXMIDENTL,544339,22.85,20.00,5,20.00,10,5
INE0QJW01029,LCL,544839,25.00,20.00,5,20.00,10,5
INE970X01018,LEMONTREE,541233,17.05,20.00,5,20.00,10,5
INE956O01016,LENSKART,544600,13.90,20.00,5,20.00,10,5
INE337A01034,LGBBROSLTD,500250,17.47,20.00,5,20.00,10,5
INE324D01010,LGEINDIA,544576,12.50,50.00,2,50.00,10,2
INE557B01019,LIBERTSHOE,526596,21.26,20.00,5,20.00,10,5
INE115A01026,LICHSGFIN,500253,14.34,20.00,5,20.00,10,5
INE0J1Y01017,LICI,543526,14.38,20.00,5,20.00,10,5
INF767K01SM1,LICMFGOLD,533719,15.20,20.00,5,20.00,10,5
INE405C01035,LINCOLN,531633,21.15,20.00,5,20.00,10,5
INE473A01011,LINDEINDIA,523457,15.98,20.00,5,20.00,10,5
INF204KC1FU1,LIQGRWBEES,Not listed in BSE,8.00,20.00,5,20.00,10,5
INF769K01KS1,LIQUID,543946,8.00,20.00,5,20.00,10,5
INF174KA1LV5,LIQUID1,590139,8.00,20.00,5,20.00,10,5
INF740KA1UM0,LIQUIDADD,544159,8.00,20.00,5,20.00,10,5
INF732E01037,LIQUIDBEES,590096,8.00,20.00,5,20.00,10,5
INF0QA701854,LIQUIDBETF,544182,8.00,20.00,5,20.00,10,5
INF0R8F01034,LIQUIDCASE,544089,8.00,20.00,5,20.00,10,5
INF740KA1EU7,LIQUIDETF,541097,8.00,20.00,5,20.00,10,5
INF109KC1KT9,LIQUIDIETF,541946,8.00,20.00,5,20.00,10,5
INF769K01MY5,LIQUIDPLUS,544284,8.00,20.00,5,20.00,10,5
INE093R01011,LLOYDSENGG,539992,26.02,20.00,5,20.00,10,5
INE080I01025,LLOYDSENT,512463,26.04,20.00,5,20.00,10,5
INE281B01032,LLOYDSME,512455,18.91,20.00,5,20.00,10,5
INE269B01029,LMW,500252,15.69,20.00,5,20.00,10,5
INE670K01029,LODHA,543287,20.03,20.00,5,20.00,10,5
INF174KA1IY5,LOWVOL1,Not listed in BSE,8.13,20.00,5,20.00,10,5
INF109KC19U5,LOWVOLIETF,540612,8.00,20.00,5,20.00,10,5
INE018A01030,LT,500510,13.76,20.00,5,20.00,10,5
INE498L01015,LTF,533519,17.38,20.00,5,20.00,10,5
INE818H01020,LTFOODS,532783,19.79,20.00,5,20.00,10,5
INF204KB1882,LTGILTBEES,590143,8.00,20.00,5,20.00,10,5
INF0R8F01133,LTGILTCASE,544486,8.00,20.00,5,20.00,10,5
INE214T01019,LTM,540005,16.87,20.00,5,20.00,10,5
INE010V01017,LTTS,540115,17.76,20.00,5,20.00,10,5
INE162B01018,LUMAXIND,517206,22.55,20.00,5,20.00,10,5
INE872H01027,LUMAXTECH,532796,23.72,20.00,5,20.00,10,5
INE326A01037,LUPIN,500257,12.69,20.00,5,20.00,10,5
INE150G01020,LUXIND,539542,22.06,20.00,5,20.00,10,5
INE576O01020,LXCHEM,543277,21.70,20.00,5,20.00,10,5
INE101A01026,M&M,500520,15.01,20.00,5,20.00,10,5
INE774D01024,M&MFIN,532720,19.28,20.00,5,20.00,10,5
INE155Z01011,MACPOWER,203119,26.22,20.00,5,20.00,10,5
INE347W01011,MAGADSUGAR,540650,19.14,20.00,5,20.00,10,5
INE457A01014,MAHABANK,532525,18.13,20.00,5,20.00,10,5
INE813A01018,MAHLIFE,532313,16.43,20.00,5,20.00,10,5
INE766P01016,MAHLOG,540768,18.94,20.00,5,20.00,10,5
INE288A01013,MAHSCOOTER,500266,17.05,20.00,5,20.00,10,5
INE271B01025,MAHSEAMLES,500265,15.23,20.00,5,20.00,10,5
INE683C01011,MAITHANALL,590078,18.74,20.00,5,20.00,10,5
INE0TO701015,MAMATA,544318,20.34,20.00,5,20.00,10,5
INE830Q01018,MANAKCOAT,539046,22.96,20.00,5,20.00,10,5
INE201A01024,MANALIPETC,500268,21.10,20.00,5,20.00,10,5
INE522D01027,MANAPPURAM,531213,17.77,20.00,5,20.00,10,5
INE939X01013,MANBA,544262,15.91,20.00,5,20.00,10,5
INE545L01039,MANCREDIT,505850,17.97,20.00,5,20.00,10,5
INE347A01017,MANGLMCEM,502157,16.26,20.00,5,20.00,10,5
INE993A01026,MANINDS,513269,25.94,20.00,5,20.00,10,5
INE949H01023,MANINFRA,533169,20.22,20.00,5,20.00,10,5
INE459N01021,MANIPALHOS,544847,12.50,20.00,5,20.00,10,5
INE634S01028,MANKIND,543904,14.51,20.00,5,20.00,10,5
INE784W01015,MANOMAY,540396,23.72,20.00,5,20.00,10,5
INE00VM01036,MANORAMA,541974,22.24,20.00,5,20.00,10,5
INE825V01034,MANYAVAR,543463,18.02,20.00,5,20.00,10,5
INE0BV301023,MAPMYINDIA,543425,22.19,20.00,5,20.00,10,5
INE182D01020,MARATHON,503101,20.62,20.00,5,20.00,10,5
INE196A01026,MARICO,531642,12.50,20.00,5,20.00,10,5
INE01JE01028,MARINE,207697,25.09,20.00,5,20.00,10,5
INE0FW001016,MARKOLINES,543364,21.00,20.00,5,20.00,10,5
INE750C01026,MARKSANS,524404,21.66,20.00,5,20.00,10,5
INE415B01044,MARSONS,517467,23.90,20.00,5,20.00,10,5
INE585B01010,MARUTI,532500,12.93,20.00,5,20.00,10,5
INE348L01012,MASFIN,540749,15.44,20.00,5,20.00,10,5
INF769K01HP3,MASPTOP50,543365,10.56,20.00,5,20.00,10,5
INE759A01021,MASTEK,523704,19.17,20.00,5,20.00,10,5
INE677D01037,MASTERTR,511768,28.86,20.00,5,20.00,10,5
INE866R01028,MATRIMONY,540704,16.60,20.00,5,20.00,10,5
INE03EI01018,MAXESTATES,544008,20.27,20.00,5,20.00,10,5
INE027H01010,MAXHEALTH,543220,15.21,20.00,5,20.00,10,5
INE0CG601016,MAXIND,543223,21.99,20.00,5,20.00,10,5
INE040D01038,MAYURUNIQ,522249,19.16,20.00,5,20.00,10,5
INE249Z01020,MAZDOCK,543237,20.30,20.00,5,20.00,10,5
INE900L01028,MBAPL,203569,20.68,20.00,5,20.00,10,5
INE08N601015,MBEL,544470,21.75,20.00,5,20.00,10,5
INE613C01026,MCLOUD,538891,31.20,20.00,5,20.00,10,5
INE745G01043,MCX,534091,19.65,20.00,5,20.00,10,5
INE474Q01031,MEDANTA,543654,15.38,20.00,5,20.00,10,5
INE456Z01021,MEDIASSIST,544088,18.79,20.00,5,20.00,10,5
INE630Y01024,MEDICO,540937,23.94,20.00,5,20.00,10,5
INE804L01022,MEDPLUS,543427,16.42,20.00,5,20.00,10,5
INE0VDM01015,MEESHO,544632,19.94,20.00,5,20.00,10,5
INE00EM01016,MEGASTAR,541352,22.18,20.00,5,20.00,10,5
INE650G01029,MENNPIS,531727,25.00,20.00,5,20.00,10,5
INF769K01LY7,METAL,544268,12.50,20.00,5,20.00,10,5
INF109KC19W1,METALIETF,544229,12.50,20.00,5,20.00,10,5
INE317I01021,METROBRAND,543426,15.49,20.00,5,20.00,10,5
INE112L01020,METROPOLIS,542650,15.92,20.00,5,20.00,10,5
INE180A01020,MFSL,500271,14.08,20.00,5,20.00,10,5
INE002S01010,MGL,539957,16.60,20.00,5,20.00,10,5
INE998I01010,MHRIL,533088,15.97,20.00,5,20.00,10,5
INF204KB1V68,MID150BEES,590144,8.53,20.00,5,20.00,10,5
INF0R8F01059,MID150CASE,544193,8.13,20.00,5,20.00,10,5
INF769K01IC9,MIDCAPETF,543481,8.65,20.00,5,20.00,10,5
INF109KC11W8,MIDCAPIETF,542921,8.51,20.00,5,20.00,10,5
INE099Z01011,MIDHANI,541195,21.32,20.00,5,20.00,10,5
INF769K01LJ8,MIDSMALL,544180,9.00,20.00,5,20.00,10,5
INE0XAD01024,MIDWESTLTD,544587,19.12,20.00,5,20.00,10,5
INE898Q01015,MIIL,538668,20.00,20.00,5,20.00,10,5
INE842C01021,MINDACORP,538962,17.15,20.00,5,20.00,10,5
INE110B01017,MINDTECK,517344,24.74,20.00,5,20.00,10,5
INE771A01026,MIRZAINT,526642,22.04,20.00,5,20.00,10,5
INE227C01017,MMFL,522241,19.95,20.00,5,20.00,10,5
INE511Y01018,MMP,203210,21.40,20.00,5,20.00,10,5
INE123F01029,MMTC,513377,22.98,20.00,5,20.00,10,5
INE0HLU01028,MOBIKWIK,544305,23.82,20.00,5,20.00,10,5
INF247L01EV3,MOCAPITAL,590149,12.72,20.00,5,20.00,10,5
INF247L01DJ0,MODEFENCE,590152,13.55,20.00,5,20.00,10,5
INE0L0L01012,MODIS,543539,19.04,20.00,5,20.00,10,5
INF247L01FY4,MOGOLD,590146,13.54,20.00,5,20.00,10,5
INE490G01020,MOIL,533286,19.58,20.00,5,20.00,10,5
INE0CT101020,MOL,543331,22.59,20.00,5,20.00,10,5
INE893J01029,MOLDTKPAC,533080,18.88,20.00,5,20.00,10,5
INF247L01023,MOM100,536960,8.77,20.00,5,20.00,10,5
INF109KC17C7,MOM30IETF,543568,9.34,20.00,5,20.00,10,5
INF247L01DK8,MOMENTUM50,590151,9.32,20.00,5,20.00,10,5
INE903D01011,MONARCH,511551,18.82,20.00,5,20.00,10,5
INF247L01BU1,MONIFTY500,590153,8.00,20.00,5,20.00,10,5
INE950M01013,MONTECARLO,538836,17.21,20.00,5,20.00,10,5
INF247L01CI4,MOREALTY,590150,14.09,20.00,5,20.00,10,5
INE083A01026,MOREPENLAB,500288,26.10,20.00,5,20.00,10,5
INE935B01025,MOSCHIP,532407,25.93,20.00,5,20.00,10,5
INF247L01FZ1,MOSILVER,590147,23.38,20.00,5,20.00,10,5
INF247L01CH6,MOSMALL250,590148,9.01,20.00,5,20.00,10,5
INE775A01035,MOTHERSON,517334,17.95,20.00,5,20.00,10,5
INE338I01027,MOTILALOFS,532892,20.94,20.00,5,20.00,10,5
INE0FRK01020,MOTISONS,544053,23.95,20.00,5,20.00,10,5
INF247L01BE5,MOVALUE,543576,9.51,20.00,5,20.00,10,5
INE356A01018,MPHASIS,526299,16.08,20.00,5,20.00,10,5
INE943D01017,MPSLTD,532440,23.93,20.00,5,20.00,10,5
INE883A01011,MRF,500290,12.83,20.00,5,20.00,10,5
INE103A01014,MRPL,500109,23.91,20.00,5,20.00,10,5
INE752G01015,MSPL,532650,21.68,20.00,5,20.00,10,5
INE255X01014,MSTCLTD,542597,23.57,20.00,5,20.00,10,5
INE0FS801015,MSUMI,543498,15.53,20.00,5,20.00,10,5
INE153A01019,MTNL,500108,22.99,20.00,5,20.00,10,5
INE08KJ01020,MUFIN,542774,19.75,20.00,5,20.00,10,5
INE304A01026,MUKANDLTD,500460,19.23,20.00,5,20.00,10,5
INE672B01032,MUNJALAU,520059,22.21,20.00,5,20.00,10,
INE577A01027,MUNJALSHOW,520043,16.45,20.00,5,20.00,10,
INE414G01012,MUTHOOTFIN,533398,18.14,20.00,5,20.00,10,
INE046W01019,MUTHOOTMF,544055,21.38,20.00,5,20.00,10,
INE0OWZ01020,MVELECTRO,544851,25.00,20.00,5,20.00,10,
INE0KNT01012,MVGJL,543995,20.77,20.00,5,20.00,10,
INE0JYY01029,MWL,544764,15.06,20.00,5,20.00,10,
INE295D01020,NACLIND,524709,28.61,20.00,5,20.00,10,
INE290A01027,NAHARSPING,500296,25.00,20.00,5,20.00,10,
INE298J01013,NAM-INDIA,540767,19.67,20.00,5,20.00,10,
INE117Z01029,NARMADA,543643,26.06,20.00,5,20.00,10,
INE987B01026,NATCOPHARM,524816,19.07,20.00,5,20.00,10,
INE139A01034,NATIONALUM,532234,20.62,20.00,5,20.00,10,
INE663F01032,NAUKRI,532777,16.42,20.00,5,20.00,10,
INE725A01030,NAVA,513023,20.38,20.00,5,20.00,10,
INE048G01026,NAVINFLUOR,532504,17.80,20.00,5,20.00,10,
INE278M01019,NAVKARCORP,539332,23.33,20.00,5,20.00,10,
INE060A01024,NAVNETEDUL,508989,17.62,20.00,5,20.00,10,
INE418L01047,NAZARA,543280,19.38,20.00,5,20.00,10,
INE095N01031,NBCC,534309,19.37,20.00,5,20.00,10,
INE365I01020,NBIFIN,201684,25.00,20.00,5,20.00,10,
INE868B01028,NCC,500294,17.18,20.00,5,20.00,10,
INE07OG01012,NDRAUTO,543214,22.86,20.00,5,20.00,10,
INE155G01029,NDTV,532529,21.70,20.00,5,20.00,10,
INE189I01024,NELCAST,532864,26.17,20.00,5,20.00,10,
INE045B01015,NELCO,504112,22.78,20.00,5,20.00,10,
INE136S01016,NEOGEN,542665,23.63,20.00,5,20.00,10,
INE428V01029,NEPHROPLUS,544647,16.44,20.00,5,20.00,10,
INE317F01035,NESCO,505355,16.64,20.00,5,20.00,10,
INE239A01024,NESTLEIND,500790,12.50,20.00,5,20.00,10,
INE0NT901020,NETWEB,543945,26.65,20.00,5,20.00,10,
INE870H01013,NETWORK18,532798,20.35,20.00,5,20.00,10,
INE794A01010,NEULANDLAB,524558,21.92,20.00,5,20.00,10,
INE619B01017,NEWGEN,540900,26.54,20.00,5,20.00,10,
INF769K01FN2,NEXT50,542922,9.00,20.00,5,20.00,10,
INF789F1AUW9,NEXT50BETA,540669,8.99,20.00,5,20.00,10,
INF109KC1NS5,NEXT50IETF,541809,8.63,20.00,5,20.00,10,
INE870D01012,NFL,523630,17.74,20.00,5,20.00,10,
INE887E01022,NGLFINE,524774,26.48,20.00,5,20.00,10,
INE410P01011,NH,539551,15.74,20.00,5,20.00,10,
INE848E01016,NHPC,533098,14.59,20.00,5,20.00,10,
INE470Y01017,NIACL,540769,22.29,20.00,5,20.00,10,
INE149O01018,NIBE,535136,26.02,20.00,5,20.00,10,
INF204K014N5,NIF100BEES,537483,8.00,20.00,5,20.00,10,
INF174K014P6,NIFTY1,537708,8.00,20.00,5,20.00,10,
INF846K01W98,NIFTYAXIS,Not listed in BSE,8.00,20.00,5,20.00,10,
INF204KB14I2,NIFTYBEES,590103,8.00,20.00,5,20.00,10,
INF789F1AZC0,NIFTYBETA,539313,8.00,20.00,5,20.00,10,
INF0R8F01166,NIFTYCASE,544586,8.00,20.00,5,20.00,10,
INF769K01EG9,NIFTYETF,542131,8.00,20.00,5,20.00,10,
INF109K012R6,NIFTYIETF,537007,8.00,20.00,5,20.00,10,
INE161A01038,NIITLTD,500304,26.62,20.00,5,20.00,10,
INE342G01023,NIITMTS,543952,19.68,20.00,5,20.00,10,
INE310A01015,NILKAMAL,523385,17.02,20.00,5,20.00,10,
INE910A01012,NIRLON,500307,12.50,20.00,5,20.00,10,
INE858F01012,NITCO,532722,24.60,20.00,5,20.00,10,
INE229H01012,NITINSPIN,532698,18.80,20.00,5,20.00,10,
INE265B01019,NITTAGELA,506532,22.99,20.00,5,20.00,10,
INE995S01015,NIVABUPA,544286,14.40,20.00,5,20.00,10,
INE589A01014,NLCINDIA,513683,19.67,20.00,5,20.00,10,
INE584A01023,NMDC,526371,15.51,20.00,5,20.00,10,
INE163A01018,NOCIL,500730,20.49,20.00,5,20.00,10,
INE850M01015,NORTHARC,544260,19.22,20.00,5,20.00,10,
INE234A01025,NOVARTIND,500672,20.14,20.00,5,20.00,10,
INE0FFK01017,NPST,544396,25.26,20.00,5,20.00,10,
INE740D01017,NRAIL,516082,23.11,20.00,5,20.00,10,
INE349A01021,NRBBEARING,530367,19.90,20.00,5,20.00,10,
INE301O01023,NSDL,544467,13.68,20.00,5,20.00,10,
INE023A01030,NSIL,532256,17.33,20.00,5,20.00,10,
INE0NNS01018,NSLNISP,543768,19.32,20.00,5,20.00,10,
INE733E01010,NTPC,532555,12.50,20.00,5,20.00,10,
INE0ONG01011,NTPCGREEN,544289,15.31,20.00,5,20.00,10,
INE096B01018,NUCLEUS,531209,20.01,20.00,5,20.00,10,
INE531F01023,NUVAMA,543988,19.90,20.00,5,20.00,10,
INE118D01016,NUVOCO,543334,17.63,20.00,5,20.00,10,
INE388Y01029,NYKAA,543384,15.00,20.00,5,20.00,10,
INE959C01023,OAL,500078,22.41,20.00,5,20.00,10,
INE093I01010,OBEROIRLTY,533273,15.23,20.00,5,20.00,10,
INE881D01027,OFSS,532466,17.33,20.00,5,20.00,10,
INE274J01014,OIL,533106,17.47,20.00,5,20.00,10,
INF109KC18W3,OILIETF,544216,12.50,20.00,5,20.00,10,
INE0LXG01040,OLAELEC,544225,28.05,20.00,5,20.00,10,
INE260D01016,OLECTRA,532439,22.00,20.00,5,20.00,10,
INE800H01010,OMAXE,532880,23.43,20.00,5,20.00,10,
INE239D01028,OMINFRAL,531092,21.24,20.00,5,20.00,10,
INE0UH301010,OMNI,544720,24.78,50.00,2,50.00,10,
INE25E901019,OMPOWER,544750,12.50,20.00,5,20.00,10,
INE840Y01029,ONEPOINT,544748,21.55,20.00,5,20.00,10,
INE013P01021,ONESOURCE,544292,20.12,20.00,5,20.00,10,
INE213A01029,ONGC,500312,13.75,20.00,5,20.00,10,
INE229A01017,ONWARDTEC,517536,23.00,20.00,5,20.00,10,
INE350C01017,OPTIEMUS,530135,24.92,20.00,5,20.00,10,
INE191A01027,ORCHPHARMA,524372,22.24,20.00,5,20.00,10,
INE876N01018,ORIENTCEM,535754,17.49,20.00,5,20.00,10,
INE142Z01019,ORIENTELEC,541301,18.67,20.00,5,20.00,10,
INE750A01020,ORIENTHOT,500314,23.16,20.00,5,20.00,10,
INE0PPK01015,ORIENTTECH,544235,26.45,20.00,5,20.00,10,
INE725E01024,ORISSAMINE,590086,21.04,20.00,5,20.00,10,
INE16NZ01023,ORKLAINDIA,544595,12.50,20.00,5,20.00,10,
INE0BYP01024,OSWALPUMPS,544418,20.26,20.00,5,20.00,10,
INE0S3G01027,PACEDIGITK,544550,18.05,20.00,5,20.00,10,
INE761H01022,PAGEIND,532827,13.17,20.00,5,20.00,10,
INE420C01059,PAISALO,532900,22.26,20.00,5,20.00,10,
INE922B01023,PANACEABIO,531349,27.56,20.00,5,20.00,10,
INE305C01029,PANAMAPET,524820,24.13,20.00,5,20.00,10,
INE258R01028,PANORAMA,539469,26.44,20.00,5,20.00,10,
INE697V01011,PANSARI,201657,25.00,20.00,5,20.00,10,
INE074B01023,PARACABLES,530555,28.36,20.00,5,20.00,10,
INE088F01024,PARADEEP,543530,21.84,20.00,5,20.00,10,
INE883N01014,PARAGMILK,539889,21.90,20.00,5,20.00,10,
INE045601023,PARAS,543367,25.98,20.00,5,20.00,10,
INE119201023,PARKHOSPS,544645,17.00,20.00,5,20.00,10,
INE988S01028,PARKHOTELS,544111,17.93,20.00,5,20.00,10,
INE619A01035,PATANJALI,500368,15.38,20.00,5,20.00,10,
INE244B01030,PATELENG,531120,20.99,20.00,5,20.00,10,
INE0R8B01010,PATELRMART,544487,19.55,20.00,5,20.00,10,
INE111F01024,PAUSHAKLTD,532742,23.86,20.00,5,20.00,10,
INE982J01020,PAYTM,543396,21.08,20.00,5,20.00,10,
INE602A01031,PCBL,506590,23.09,20.00,5,20.00,10,
INE785M01021,PCJEWELLER,534809,24.04,20.00,5,20.00,10,
INE865T01018,PDMJEPAPER,539785,20.11,20.00,5,20.00,10,
INE111Q01021,PDSL,538730,19.90,20.00,5,20.00,10,
INE932A01024,PENIND,513228,23.83,20.00,5,20.00,10,
INE262H01021,PERSISTENT,533179,18.24,20.00,5,20.00,10,
INE347G01014,PETRONET,532522,15.53,20.00,5,20.00,10,
INE134E01011,PFC,532810,16.60,20.00,5,20.00,10,
INE182A01018,PFIZER,500680,13.17,20.00,5,20.00,10,
INE367G01038,PFOCUS,532748,27.06,20.00,5,20.00,10,
INE560K01014,PFS,533344,18.92,20.00,5,20.00,10,
INE457L01029,PGEL,533581,24.36,20.00,5,20.00,10,
INE179A01014,PGHH,500459,12.50,20.00,5,20.00,10,
INE199A01012,PGHL,500126,13.53,20.00,5,20.00,10,
INE940H01022,PGIL,532808,25.24,20.00,5,20.00,10,
INF204KC1089,PHARMABEES,590142,12.50,20.00,5,20.00,10,
INE211B01039,PHOENIXLTD,503100,16.24,20.00,5,20.00,10,
INE546C01010,PICCADIL,530305,21.58,20.00,5,20.00,10,
INE318A01026,PIDILITIND,500331,12.50,20.00,5,20.00,10,
INE603J01030,PIIND,523642,14.45,20.00,5,20.00,10,
INE417C01014,PILANIINVS,539883,16.59,20.00,5,20.00,10,
INE15B701018,PINELABS,544606,19.01,20.00,5,20.00,10,
INE202B01038,PIRAMALFIN,544597,13.85,20.00,5,20.00,10,
INE450D01021,PITTIENG,513519,19.08,20.00,5,20.00,10,
INE751B01018,PIXTRANS,500333,20.50,20.00,5,20.00,10,
INE083C01022,PLASTIBLEN,523648,18.54,20.00,5,20.00,10,
INE0PT501018,PLATIND,544134,21.75,20.00,5,20.00,10,
INE160A01022,PNB,532461,15.14,20.00,5,20.00,10,
INE859A01011,PNBGILTS,532366,20.58,20.00,5,20.00,10,
INE572E01012,PNBHOUSING,540173,18.27,20.00,5,20.00,10,
INE195J01029,PNCINFRA,539150,18.28,20.00,5,20.00,10,
INE953R01016,PNGJL,544256,17.85,20.00,5,20.00,10,
INE1RDG01013,PNGSREVA,544718,17.33,20.00,5,20.00,10,
INE063E01061,POCL,532626,25.35,20.00,5,20.00,10,
INE637C01025,POKARNA,532486,25.62,20.00,5,20.00,10,
INE417T01026,POLICYBZR,543390,17.94,20.00,5,20.00,10,
INE455K01017,POLYCAB,542652,16.50,20.00,5,20.00,10,
INE205C01021,POLYMED,531768,21.11,20.00,5,20.00,10,
INE633B01018,POLYPLEX,524051,17.92,20.00,5,20.00,10,
INE511C01022,POONAWALLA,524000,18.37,20.00,5,20.00,10,
INE752E01010,POWERGRID,532898,12.50,20.00,5,20.00,10,
INE921L01032,POWERICA,544744,15.01,20.00,5,20.00,10,
INE07Y701011,POWERINDIA,543187,23.13,20.00,5,20.00,10,
INE211R01019,POWERMECH,539302,20.10,20.00,5,20.00,10,
INE0DK501011,PPLPHARMA,543635,18.49,20.00,5,20.00,10,
INE0I0M01023,PRABHA,544379,18.76,20.00,5,20.00,10,
INE074A01025,PRAJIND,522205,19.67,20.00,5,20.00,10,
INE603A01013,PRAKASH,506022,20.39,20.00,5,20.00,10,
INE722B01019,PRAVEG,531637,25.90,20.00,5,20.00,10,
INE484I01029,PRECAM,539636,24.55,20.00,5,20.00,10,
INE372C01037,PRECWIRE,523539,25.75,20.00,5,20.00,10,
INE863B01029,PREMEXPLN,526247,28.60,20.00,5,20.00,10,
INE0BS701011,PREMIERENE,544238,18.24,20.00,5,20.00,10,
INE309M01020,PREMIERPOL,514354,27.00,20.00,5,20.00,10,
INE811K01011,PRESTIGE,533274,18.44,20.00,5,20.00,10,
INE726V01018,PRICOLLTD,540293,18.80,20.00,5,20.00,10,
INE689W01016,PRINCEPIPE,542907,18.93,20.00,5,20.00,10,
INE959A01019,PRIVISCL,530117,18.35,20.00,5,20.00,10,
INE0BX301013,PROSTARM,544410,21.77,20.00,5,20.00,10,
INE004A01022,PROTEAN,544021,22.71,20.00,5,20.00,10,
INE010A01011,PRSMJOHNSN,500338,17.57,20.00,5,20.00,10,
INE00F201020,PRUDENT,543527,20.48,20.00,5,20.00,10,
INE608A01012,PSB,533295,18.55,20.00,5,20.00,10,
INE488V01015,PSPPROJECT,540544,21.53,20.00,5,20.00,10,
INF174KA1A86,PSUBANK,590107,13.58,20.00,5,20.00,10,
INF740KA1SY9,PSUBANKADD,543948,13.22,20.00,5,20.00,10,
INF204KB16I7,PSUBNKBEES,590108,13.41,20.00,5,20.00,10,
INF109KC10S8,PSUBNKIETF,543819,13.03,20.00,5,20.00,10,
INE877F01012,PTC,532524,17.98,20.00,5,20.00,10,
INE596F01018,PTCIL,539006,19.22,20.00,5,20.00,10,
INE277B01014,PUNJABCHEM,506618,21.49,20.00,5,20.00,10,
INE323I01011,PURVA,532891,23.16,20.00,5,20.00,10,
INE191H01014,PVRINOX,532689,15.38,20.00,5,20.00,10,
INF109KC18U7,PVTBANIETF,542758,12.50,20.00,5,20.00,10,
INF740KA1TA7,PVTBANKADD,543949,12.50,20.00,5,20.00,10,
INE0LP301011,PWL,544609,20.05,20.00,5,20.00,10,
INE0MIS01010,PYRAMID,543969,20.68,20.00,5,20.00,10,
INF082J01408,QGOLDHALF,590099,14.30,20.00,5,20.00,10,
INE0LRY01011,QUADFUTURE,544336,26.50,20.00,5,20.00,10,
INE615P01015,QUESS,539978,18.48,20.00,5,20.00,10,
INE704B01017,RACLGEAR,520073,25.27,20.00,5,20.00,10,
INE583V01021,RADHIKAJWE,540125,23.48,20.00,5,20.00,10,
INE944F01028,RADICO,532497,16.74,20.00,5,20.00,10,
INE0DD101019,RAILTEL,543265,21.38,20.00,5,20.00,10,
INE855B01025,RAIN,500339,24.38,20.00,5,20.00,10,
INE961O01016,RAINBOW,543524,13.96,20.00,5,20.00,10,
INE451D01029,RAJRATAN,517522,22.46,20.00,5,20.00,10,
INE613A01020,RALLIS,500355,18.23,20.00,5,20.00,10,
INE1SJO01012,RAMBHAJO,544803,12.50,20.00,5,20.00,10,
INE331A01037,RAMCOCEM,500260,14.00,20.00,5,20.00,10,
INE614A01028,RAMCOIND,532369,20.43,20.00,5,20.00,10,
INE874I01013,RAMKY,533262,19.68,20.00,5,20.00,10,
INE207E01023,RAMRAT,522281,21.03,20.00,5,20.00,10,
INE384A01010,RANEHOLDIN,505800,20.43,20.00,5,20.00,10,
INE0CLI01024,RATEGAIN,543417,21.12,20.00,5,20.00,10,
INE703B01027,RATNAMANI,520111,19.50,20.00,5,20.00,10,
INE05CZ01011,RATNAVEER,543978,23.98,20.00,5,20.00,10,
INE301A01014,RAYMOND,500330,22.60,20.00,5,20.00,10,
INE02ID01020,RAYMONDLSL,544240,20.40,20.00,5,20.00,10,
INE1SY401010,RAYMONDREL,544420,24.16,20.00,5,20.00,10,
INE07T201019,RBA,543248,18.87,20.00,5,20.00,10,
INE976G01028,RBLBANK,540065,17.37,20.00,5,20.00,10,
INE0PEQ01016,RBZJEWEL,544060,21.85,20.00,5,20.00,10,
INE027A01015,RCF,524230,18.54,20.00,5,20.00,10,
INE020B01018,RECLTD,532955,16.57,20.00,5,20.00,10,
INE891D01026,REDINGTON,532805,22.72,20.00,5,20.00,10,
INE0LXT01019,REDTAPE,543957,18.91,20.00,5,20.00,10,
INE056I01025,REFEX,532884,25.23,20.00,5,20.00,10,
INE131B01039,RELAXO,530517,21.35,20.00,5,20.00,10,
INE002A01018,RELIANCE,500325,12.50,20.00,5,20.00,10,
INE621H01010,RELIGARE,532915,19.60,20.00,5,20.00,10,
INE206N01018,RELTD,504341,25.44,20.00,5,20.00,10,
INE519N01014,REMAGNET,526570,23.15,20.00,5,20.00,10,
INE087H01022,RENUKA,532670,17.63,20.00,5,20.00,10,
INE612J01015,REPCOHOME,535322,16.97,20.00,5,20.00,10,
INE688D01026,RESPONIND,505509,24.09,20.00,5,20.00,10,
INE722H01024,RGL,532923,25.04,20.00,5,20.00,10,
INE0KKN01029,RHETAN,543590,21.87,20.00,5,20.00,10,
INE743M01012,RHIM,534076,19.78,20.00,5,20.00,10,
INE209B01025,RICOAUTO,520008,26.57,20.00,5,20.00,10,
INE046A01015,RIIL,523445,18.51,20.00,5,20.00,10,
INE302D01024,RIR,517035,25.34,20.00,5,20.00,10,
INE0N2P01017,RISHABH,543977,24.43,20.00,5,20.00,10,
INE01EG01016,RITCO,542383,21.51,20.00,5,20.00,10,
INE320J01015,RITES,541556,19.53,20.00,5,20.00,10,
INE399G01023,RKFORGE,532527,18.91,20.00,5,20.00,10,
INE655V01019,RMC,540358,29.57,20.00,5,20.00,10,
INE050H01012,RML,532661,21.34,20.00,5,20.00,10,
INE645S01024,ROLEXRINGS,543325,19.73,20.00,5,20.00,10,
INE02A801020,ROSSARI,543213,17.52,20.00,5,20.00,10,
INE0OJW01016,ROSSTECH,544294,27.77,20.00,5,20.00,10,
INE535D01037,ROTO,517500,22.24,20.00,5,20.00,10,
INE450U01017,ROUTE,543228,18.19,20.00,5,20.00,10,
INE912T01018,RPEL,539837,23.01,20.00,5,20.00,10,
INE105J01010,RPGLIFE,532983,20.08,20.00,5,20.00,10,
INE614G01033,RPOWER,532939,24.44,20.00,5,20.00,10,
INE425Y01011,RPSGVENT,542333,23.67,20.00,5,20.00,10,
INE0J1F01024,RPTECH,544119,20.91,20.00,5,20.00,10,
INE777K01022,RRKABEL,543981,19.50,20.00,5,20.00,10,
INE313L01016,RSL,544731,12.50,20.00,5,20.00,10,
INE411H01032,RSYSTEMS,532735,21.97,20.00,5,20.00,10,
INE834M01019,RTNINDIA,534597,22.94,20.00,5,20.00,10,
INE399K01017,RTNPOWER,533122,20.12,20.00,5,20.00,10,
INE506V01022,RUBICON,544578,18.23,20.00,5,20.00,10,
INE895B01021,RUPA,533552,18.36,20.00,5,20.00,10,
INE573K01025,RUSHIL,533470,24.58,20.00,5,20.00,10,
INE263M01029,RUSTOMJEE,543669,16.85,20.00,5,20.00,10,
INE415G01027,RVNL,542649,19.71,20.00,5,20.00,10,
INE13B501022,SAATVIKGL,544526,17.27,20.00,5,20.00,10,
INE429E01023,SAFARI,523025,18.01,20.00,5,20.00,10,
INE229C01021,SAGCEM,502090,17.70,20.00,5,20.00,10,
INE0W2G01015,SAGILITY,544282,18.14,20.00,5,20.00,10,
INE114A01011,SAIL,500113,18.36,20.00,5,20.00,10,
INE570L01029,SAILIFE,544306,17.43,20.00,5,20.00,10,
INE0H9F01037,SAIPARENT,544742,12.50,20.00,5,20.00,10,
INE732S01012,SAKAR,200519,24.47,20.00,5,20.00,10,
INE667G01023,SAKSOFT,590051,25.24,20.00,5,20.00,10,
INE170V01027,SALASAR,540642,23.40,20.00,5,20.00,10,
INE658G01014,SALSTEEL,532604,25.23,20.00,5,20.00,10,
INE457F01013,SALZERELEC,517059,23.82,20.00,5,20.00,10,
INE12NJ01018,SAMBHV,544430,19.14,20.00,5,20.00,10,
INE08U801020,SAMHI,543984,19.22,20.00,5,20.00,10,
INE148I01020,SAMMAANCAP,535789,20.70,20.00,5,20.00,10,
INE0JPD01013,SANATHAN,544314,16.50,20.00,5,20.00,10,
INE278H01035,SANDHAR,541163,21.50,20.00,5,20.00,10,
INE149K01016,SANDUMA,504918,23.48,20.00,5,20.00,10,
INE495C01010,SANGAMIND,514234,20.39,20.00,5,20.00,10,
INE989A01032,SANGHVIMOV,530073,25.77,20.00,5,20.00,10,
INE058A01010,SANOFI,500674,12.50,20.00,5,20.00,10,
INE0UOS01011,SANOFICONR,544250,15.13,20.00,5,20.00,10,
INE953O01021,SANSERA,543358,19.39,20.00,5,20.00,10,
INE08NE01025,SANSTAR,544217,19.86,20.00,5,20.00,10,
INE806T01020,SAPPHIRE,543397,21.39,20.00,5,20.00,10,
INE385C01021,SARDAEN,504614,18.85,20.00,5,20.00,10,
INE979A01025,SAREGAMA,532163,21.13,20.00,5,20.00,10,
INE231F01020,SASKEN,532663,26.09,20.00,5,20.00,10,
INE836B01017,SATIN,539404,18.12,20.00,5,20.00,10,
INE626A01014,SAURASHCEM,502175,23.15,20.00,5,20.00,10,
INE04AK01028,SBC,542725,16.39,20.00,5,20.00,10,
INE386D01027,SBCL,513097,25.52,100.00,1,100.00,10,
INE423Y01016,SBFC,543959,16.07,20.00,5,20.00,10,
INF200KB1712,SBIBPB,544385,12.50,20.00,5,20.00,10,
INE018E01016,SBICARD,543066,14.09,20.00,5,20.00,10,
INF200KA1S22,SBIETFPB,Not listed in BSE,12.50,20.00,5,20.00,10,
INE640G01020,SBIFUNDS,544829,12.50,20.00,5,20.00,10,
INE123W01016,SBILIFE,540719,12.50,20.00,5,20.00,10,
INE062A01020,SBIN,500112,13.02,20.00,5,20.00,10,
INF200K01VT2,SBISENSEX,535276,8.00,20.00,5,20.00,10,
INF200KB1217,SBISILVER,544206,24.70,20.00,5,20.00,10,
INE513A01022,SCHAEFFLER,505790,15.46,20.00,5,20.00,10,
INE839M01018,SCHNEIDER,534139,23.54,20.00,5,20.00,10,
INE109A01011,SCI,523598,22.73,20.00,5,20.00,10,
INE090501011,SCODATUBES,544411,20.73,20.00,5,20.00,10,
INE501Y01019,SCPL,540757,26.19,20.00,5,20.00,10,
INE480C01038,SDBL,507514,25.68,20.00,5,20.00,10,
INE497B01018,SEAMECLTD,526807,19.23,20.00,5,20.00,10,
INE00XB01019,SEDEMAC,544723,15.55,20.00,5,20.00,10,
INE440T01028,SEIL,539921,27.16,20.00,5,20.00,10,
INE155D01018,SELECTRIC,544786,16.61,20.00,5,20.00,10,
INE602W01027,SENCO,543936,21.25,20.00,5,20.00,10,
INE0RB801010,SENORES,544319,20.62,20.00,5,20.00,10,
INF204KA1UN7,SENSEXBEES,538683,8.00,20.00,5,20.00,10,
INF789FB1X58,SENSEXBETA,539312,8.00,20.00,5,20.00,10,
INF346A01034,SENSEXIETF,555555,8.00,20.00,5,20.00,10,
INE964H01014,SEPC,532945,28.32,20.00,5,20.00,10,
INE782X01033,SERVOTECH,210510,26.31,20.00,5,20.00,10,
INE630A01024,SESHAPAPER,502450,16.58,20.00,5,20.00,10,
INF200KA1JT1,SETF10GILT,Not listed in BSE,8.00,20.00,5,20.00,10,
INF200KA16D8,SETFGOLD,590098,14.40,20.00,5,20.00,10,
INF200KA1FS1,SETFNIF50,590138,8.00,20.00,5,20.00,10,
INF200KA1580,SETFNIFBK,590137,12.50,20.00,5,20.00,10,
INF200KA1598,SETFNN50,Not listed in BSE,8.68,20.00,5,20.00,10,
INE0M4D01010,SETL,544333,23.69,20.00,5,20.00,10,
INE916U01025,SFL,540203,18.83,20.00,5,20.00,10,
INE618R01015,SGFIN,539199,21.29,20.00,5,20.00,10,
INE385F01024,SGMART,512329,19.89,20.00,5,20.00,10,
INE12UN01015,SHADOWFAX,544685,17.74,20.00,5,20.00,10,
INE151G01028,SHAILY,501423,25.02,20.00,5,20.00,10,
INE908D01010,SHAKTIPUMP,531431,22.70,20.00,5,20.00,10,
INE597J01018,SHALBY,540797,18.19,20.00,5,20.00,10,
INE274V01019,SHANKARA,540425,25.00,20.00,5,20.00,10,
INE631A01022,SHANTIGEAR,522034,15.65,20.00,5,20.00,10,
INE06ZD01017,SHANTIGOLD,544459,17.78,20.00,5,20.00,10,
INE221J01015,SHARDACROP,538666,25.85,20.00,5,20.00,10,
INE597I01028,SHARDAMOTR,535602,19.69,20.00,5,20.00,10,
INE932X01026,SHAREINDIA,540725,23.11,20.00,5,20.00,10,
INE024F01011,SHILCTECH,531201,25.73,20.00,5,20.00,10,
INE790G01031,SHILPAMED,530549,21.77,20.00,5,20.00,10,
INE220Z01013,SHINDL,519397,17.54,20.00,5,20.00,10,
INE719F01016,SHIVAUM,206521,25.00,20.00,5,20.00,10,
INE500L01026,SHK,539450,23.66,20.00,5,20.00,10,
INE498B01024,SHOPERSTOP,532638,19.04,20.00,5,20.00,10,
INE070A01015,SHREECEM,500387,12.50,20.00,5,20.00,10,
INE1B6101010,SHREEJISPG,544490,17.31,20.00,5,20.00,10,
INE712K01011,SHREEPUSHK,539334,24.62,20.00,5,20.00,10,
INE1B3L01017,SHRINGARMS,544512,16.94,20.00,5,20.00,10,
INE526E01018,SHRIPISTON,544344,19.71,20.00,5,20.00,10,
INE721A01047,SHRIRAMFIN,511218,18.23,20.00,5,20.00,10,
INE217L01019,SHRIRAMPPS,543419,20.22,20.00,5,20.00,10,
INE810G01011,SHYAMMETL,543299,15.62,20.00,5,20.00,10,
INE003A01024,SIEMENS,500550,16.54,20.00,5,20.00,10,
INE0A0S01028,SIGMA,543917,26.68,20.00,5,20.00,10,
INE903U01023,SIGNATURE,543990,18.03,20.00,5,20.00,10,
INE0KGZ01021,SIGNPOST,544117,24.87,20.00,5,20.00,10,
INE438E01032,SIKA,523606,27.33,20.00,5,20.00,10,
INE01II01013,SILGO,205873,21.35,20.00,5,20.00,10,
INF209KB19F6,SILVER,543471,24.65,20.00,5,20.00,10,
INF174KA1ZD3,SILVER1,Not listed in BSE,25.11,20.00,5,20.00,10,
INF740KA1RE3,SILVERADD,543572,24.59,20.00,5,20.00,10,
INF769K01KG6,SILVERAG,543922,24.84,20.00,5,20.00,10,
INF846K011K1,SILVERAXIS,Not listed in BSE,24.45,20.00,5,20.00,10,
INF204KC1402,SILVERBEES,590145,24.49,20.00,5,20.00,10,
INF789F1AYK6,SILVERBETA,543900,24.71,20.00,5,20.00,10,
INF0R8F01091,SILVERCASE,544384,23.79,20.00,5,20.00,10,
INF109KC1Y56,SILVERIETF,543452,23.94,20.00,5,20.00,10,
INE625X01026,SILVERTUC,543525,22.82,20.00,5,20.00,10,
INE059B01024,SIMPLEXINF,523838,25.93,20.00,5,20.00,10,
INE325D01025,SINDHUTRAD,532029,25.79,20.00,5,20.00,10,
INE792Z01011,SIRCA,543686,15.71,20.00,5,20.00,10,
INE285J01028,SIS,540673,15.42,20.00,5,20.00,10,
INE076B01028,SIYSIL,503811,20.71,20.00,5,20.00,10,
INE284S01014,SJS,543387,19.12,20.00,5,20.00,10,
INE002L01015,SJVN,533206,17.75,20.00,5,20.00,10,
INE640A01023,SKFINDIA,500472,12.50,20.00,5,20.00,10,
INE2J8701016,SKFINDUS,544572,14.00,20.00,5,20.00,10,
INE439E01022,SKIPPER,538562,21.87,20.00,5,20.00,10,
INE411D01023,SKMEGGPROD,532143,27.87,20.00,5,20.00,10,
INE01IU01018,SKYGOLD,541967,24.85,20.00,5,20.00,10,
INF769K01LC3,SMALLCAP,544130,9.36,20.00,5,20.00,10,
INE0NAZ01010,SMARTWORKS,544447,15.51,20.00,5,20.00,10,
INE103C01036,SMCGLOBAL,543263,21.34,20.00,5,20.00,10,
INF0R8F01141,SML100CASE,544507,8.00,20.00,5,20.00,10,
INE294B01019,SMLMAH,505192,28.76,20.00,5,20.00,10,
INE812G01025,SMSPHARMA,532815,22.92,20.00,5,20.00,10,
INE734N01019,SNOWMAN,538635,19.60,20.00,5,20.00,10,
INE671H01015,SOBHA,532784,17.64,20.00,5,20.00,10,
INE624Z01016,SOLARA,541540,21.80,20.00,5,20.00,10,
INE343H01029,SOLARINDS,532725,16.88,20.00,5,20.00,10,
INE0TY101024,SOLARWORLD,544532,20.39,20.00,5,20.00,10,
INE880Y01017,SOLEX,203111,21.89,20.00,5,20.00,10,
INE355A01028,SOMANYCERA,531548,18.78,20.00,5,20.00,10,
INE073K01018,SONACOMS,543300,16.78,20.00,5,20.00,10,
INE269A01021,SONATSOFTW,532221,23.58,20.00,5,20.00,10,
INE035D01020,SOTL,524667,23.74,20.00,5,20.00,10,
INE683A01023,SOUTHBANK,532218,19.45,20.00,5,20.00,10,
INE980Y01015,SOUTHWEST,543986,25.40,20.00,5,20.00,10,
INE212I01016,SPAL,540048,25.13,20.00,5,20.00,10,
INE572J01011,SPANDANA,542759,23.31,20.00,5,20.00,10,
INE232I01014,SPARC,532872,26.83,20.00,5,20.00,10,
INE147A01011,SPIC,590030,19.90,20.00,5,20.00,10,
INE285B01017,SPICEJET,500285,26.84,20.00,5,20.00,10,
INE663A01033,SPLPETRO,500405,19.11,20.00,5,20.00,10,
INE937A01023,SPMLINFRA,500402,25.08,20.00,5,20.00,10,
INE885H01029,SPORTKING,539221,24.52,20.00,5,20.00,10,
INE647A01010,SRF,503806,15.75,20.00,5,20.00,10,
INE0R6Z01013,SRM,544158,21.87,20.00,5,20.00,10,
INE802C01033,SSWL,513262,18.68,20.00,5,20.00,10,
INE01A001028,STANLEY,544202,20.47,20.00,5,20.00,10,
INE939A01011,STAR,532531,19.61,20.00,5,20.00,10,
INE460H01021,STARCEMENT,540575,14.41,20.00,5,20.00,10,
INE575P01011,STARHEALTH,543412,13.32,20.00,5,20.00,10,
INE124E01038,STEELCAS,513517,21.48,20.00,5,20.00,10,
INE503B01021,STEELXIND,534748,21.70,20.00,5,20.00,10,
INE00IN01015,STOVEKRAFT,543260,21.46,20.00,5,20.00,10,
INE00Q601028,STUDDS,544599,13.86,20.00,5,20.00,10,
INE04VU01023,STYL,544533,18.97,20.00,5,20.00,10,
INE239C01020,STYLAMIND,526951,18.54,20.00,5,20.00,10,
INE189B01011,STYRENIX,506222,16.90,20.00,5,20.00,10,
INE287B01021,SUBROS,517168,21.82,20.00,5,20.00,10,
INE659A01023,SUDARSCHEM,506655,20.21,20.00,5,20.00,10,
INE0QPI01025,SUDEEPPHRM,544619,18.33,20.00,5,20.00,10,
INE142Q01026,SULA,543711,17.00,20.00,5,20.00,10,
INE258G01013,SUMICHEM,542920,18.89,20.00,5,20.00,10,
INE0Q3R01026,SUNCLAY,544066,19.17,20.00,5,20.00,10,
INE660A01013,SUNDARMFIN,590071,16.86,20.00,5,20.00,10,
INE387A01021,SUNDRMFAST,500403,13.72,20.00,5,20.00,10,
INE209A01019,SUNDROP,500215,16.50,20.00,5,20.00,10,
INE947A01014,SUNFLAG,500404,22.83,20.00,5,20.00,10,
INE044A01036,SUNPHARMA,524715,12.50,20.00,5,20.00,10,
INE805D01034,SUNTECK,512179,20.30,20.00,5,20.00,10,
INE424H01027,SUNTV,532733,16.08,20.00,5,20.00,10,
INE399C01030,SUPRAJIT,532509,16.51,20.00,5,20.00,10,
INE195A01028,SUPREMEIND,509930,15.59,20.00,5,20.00,10,
INE550H01011,SUPREMEINF,532904,25.31,20.00,5,20.00,10,
INE07RO01027,SUPRIYA,543434,24.01,20.00,5,20.00,10,
INE877V01027,SURAKSHA,544293,15.63,20.00,5,20.00,10,
INE335A01020,SURYAROSNI,500336,21.08,20.00,5,20.00,10,
INE428Q01011,SURYODAY,543279,21.08,20.00,5,20.00,10,
INE495B01038,SUVEN,530239,28.63,20.00,5,20.00,10,
INE442P01014,SUYOG,537259,22.43,20.00,5,20.00,10,
INE040H01021,SUZLON,532667,18.89,20.00,5,20.00,10,
INE665A01038,SWANCORP,503310,20.47,20.00,5,20.00,10,
INE277A01016,SWARAJENG,500407,15.09,20.00,5,20.00,10,
INE409B01013,SWELECTES,532051,23.13,20.00,5,20.00,10,
INE00H001014,SWIGGY,544285,19.64,20.00,5,20.00,10,
INE00M201021,SWSOLAR,542760,22.29,20.00,5,20.00,10,
INE225D01027,SYMPHONY,517385,16.69,20.00,5,20.00,10,
INE312C01025,SYNCOMF,524470,20.27,20.00,5,20.00,10,
INE398R01022,SYNGENE,539268,16.43,20.00,5,20.00,10,
INE0DYJ01015,SYRMA,543573,22.08,20.00,5,20.00,10,
INE524T01011,TAALTECH,539956,22.21,20.00,5,20.00,10,
INE586B01026,TAJGVK,532390,19.45,20.00,5,20.00,10,
INE142I01023,TAKE,532890,23.95,20.00,5,20.00,10,
INE187D01029,TALBROAUTO,505160,21.49,20.00,5,20.00,10,
INE639B01023,TANFACIND,506854,23.07,20.00,5,20.00,10,
INE483C01032,TANLA,532790,22.71,20.00,5,20.00,10,
INE0EK901012,TARC,543249,21.24,20.00,5,20.00,10,
INE763I01026,TARIL,532928,27.52,20.00,5,20.00,10,
INE144Z01023,TARSONS,543399,23.40,20.00,5,20.00,10,
INE488B01017,TASTYBITE,519091,18.03,20.00,5,20.00,10,
INE976I01016,TATACAP,544574,12.50,20.00,5,20.00,10,
INE092A01019,TATACHEM,500770,15.37,20.00,5,20.00,10,
INE151A01013,TATACOMM,500483,16.36,20.00,5,20.00,10,
INE192A01025,TATACONSUM,500800,12.91,20.00,5,20.00,10,
INE670A01012,TATAELXSI,500408,16.40,20.00,5,20.00,10,
INF277KA1976,TATAGOLD,590140,14.50,20.00,5,20.00,10,
INE672A01026,TATAINVEST,501301,19.23,20.00,5,20.00,10,
INE245A01021,TATAPOWER,500400,12.93,20.00,5,20.00,10,
INE081A01020,TATASTEEL,500470,14.35,20.00,5,20.00,10,
INE142M01025,TATATECH,544028,16.71,20.00,5,20.00,10,
INF277KA1984,TATSILV,590161,25.19,20.00,5,20.00,10,
INE0GK401011,TATVA,543321,24.80,20.00,5,20.00,10,
INE673O01025,TBOTEK,544174,19.23,20.00,5,20.00,10,
INE760L01018,TBZ,534369,26.80,20.00,5,20.00,10,
INE887D01016,TCC,512038,23.01,20.00,5,20.00,10,
INE688A01022,TCI,532349,15.80,20.00,5,20.00,10,
INE586V01016,TCIEXP,540212,20.22,20.00,5,20.00,10,
INE822C01015,TCPLPACK,523301,19.95,20.00,5,20.00,10,
INE467B01029,TCS,532540,14.57,20.00,5,20.00,10,
INE419M01027,TDPOWERSYS,533553,24.73,20.00,5,20.00,10,
INE985S01024,TEAMLEASE,539658,14.87,20.00,5,20.00,10,
INE669C01036,TECHM,532755,14.76,20.00,5,20.00,10,
INE285K01026,TECHNOE,542141,21.48,20.00,5,20.00,10,
INE011K01018,TEGA,543413,18.01,20.00,5,20.00,10,
INE010J01012,TEJASNET,540595,26.76,20.00,5,20.00,10,
INE869Y01028,TEMBO,200761,22.59,20.00,5,20.00,10,
INE19RI01016,TENNIND,544612,15.11,20.00,5,20.00,10,
INE435C01024,TEXINFRA,505400,17.24,20.00,5,20.00,10,
INE621L01012,TEXRAIL,533326,22.83,20.00,5,20.00,10,
INE305A01023,TFCILTD,526650,24.12,20.00,5,20.00,10,
INE284B01028,TGVSL,507753,18.88,20.00,5,20.00,10,
INE085J01014,THANGAMAYL,533158,28.08,100.00,1,100.00,10,
INE121N01019,THEJO,204968,18.58,20.00,5,20.00,10,
INE0AQ201015,THELEELA,544408,14.16,20.00,5,20.00,10,
INE152A01029,THERMAX,500411,19.14,20.00,5,20.00,10,
INE332A01027,THOMASCOOK,500413,22.37,20.00,5,20.00,10,
INE480M01011,THOMASCOTT,533941,28.11,20.00,5,20.00,10,
INE594H01019,THYROCARE,539871,19.84,20.00,5,20.00,10,
INE133E01013,TI,507205,20.35,20.00,5,20.00,10,
INE545H01011,TIIL,532804,19.77,20.00,5,20.00,10,
INE974X01010,TIINDIA,540762,17.67,20.00,5,20.00,10,
INE508G01029,TIMETECHNO,532856,20.26,20.00,5,20.00,10,
INE064A01026,TIMEX,500414,25.02,20.00,5,20.00,10,
INE325A01013,TIMKEN,522113,15.63,20.00,5,20.00,10,
INE015C01016,TINNARUBR,530475,24.73,20.00,5,20.00,10,
INE0LQS01015,TIPSFILMS,543614,26.41,20.00,5,20.00,10,
INE716B01029,TIPSMUSIC,532375,20.36,20.00,5,20.00,10,
INE338A01024,TIRUMALCHM,500412,22.27,20.00,5,20.00,10,
INE615H01020,TITAGARH,532966,20.25,20.00,5,20.00,10,
INE280A01028,TITAN,500114,12.97,20.00,5,20.00,10,
INE668A01016,TMB,543596,17.62,20.00,5,20.00,10,
INE1TAE01010,TMCV,544569,15.91,20.00,5,20.00,10,
INE155A01022,TMPV,500570,16.12,20.00,5,20.00,10,
INE148A01019,TNPETRO,500777,17.22,20.00,5,20.00,10,
INE107A01015,TNPL,531426,16.24,20.00,5,20.00,10,
INF0R8F01067,TOP100CASE,544194,8.00,20.00,5,20.00,10,
INF740KA1UR9,TOP10ADD,544247,12.50,20.00,5,20.00,10,
INE685A01028,TORNTPHARM,500420,12.50,20.00,5,20.00,10,
INE813H01021,TORNTPOWER,532779,17.07,20.00,5,20.00,10,
INE413G01022,TPLPLASTEH,526582,23.23,20.00,5,20.00,10,
INE454P01035,TRANSRAILL,544317,19.26,20.00,5,20.00,10,
INE103V01028,TRAVELFOOD,544443,14.68,20.00,5,20.00,10,
INE849A01020,TRENT,500251,18.51,20.00,5,20.00,10,
INE391D01019,TRF,505854,21.63,20.00,5,20.00,10,
INE064C01022,TRIDENT,521064,16.46,20.00,5,20.00,10,
INE152M01016,TRITURBINE,533655,20.78,20.00,5,20.00,10,
INE256C01024,TRIVENI,Not listed in BSE,19.20,20.00,5,20.00,10,
INE0MWH01014,TRUALT,544545,16.87,20.00,5,20.00,10,
INE202Z01029,TSFINV,200995,21.65,20.00,5,20.00,10,
INE910C01018,TTKHLTCARE,507747,15.39,20.00,5,20.00,10,
INE690A01028,TTKPRESTIG,517506,17.43,20.00,5,20.00,10,
INE517B01013,TTML,532371,21.11,20.00,5,20.00,10,
INE0OC301013,TURTLEMINT,544799,12.50,20.00,5,20.00,10,
INE236G01019,TVSELECT,532513,25.81,20.00,5,20.00,10,
INE105A01035,TVSHLTD,520056,16.25,20.00,5,20.00,10,
INE494B01023,TVSMOTOR,532343,14.95,20.00,5,20.00,10,
INE395N01027,TVSSCS,543965,19.62,20.00,5,20.00,10,
INE421C01016,TVSSRICHAK,509243,17.98,20.00,5,20.00,10,
INE686F01025,UBL,532478,12.50,20.00,5,20.00,10,
INE691A01018,UCOBANK,532505,16.81,20.00,5,20.00,10,
INE851I01011,UDS,543996,20.78,20.00,5,20.00,10,
INE899L01030,UEL,533644,34.77,20.00,5,20.00,10,
INE516A01017,UFLEX,500148,18.08,20.00,5,20.00,10,
INE583D01011,UGROCAP,511742,20.44,20.00,5,20.00,10,
INE551W01018,UJJIVANSFB,542904,19.24,20.00,5,20.00,10,
INE481G01011,ULTRACEMCO,532538,12.73,20.00,5,20.00,10,
INE405A01021,ULTRAMAR,506685,17.91,20.00,5,20.00,10,
INE351A01035,UNICHEMLAB,506690,23.77,20.00,5,20.00,10,
INE00U401027,UNIECOM,544227,20.48,20.00,5,20.00,10,
INE0U3I01011,UNIMECH,544322,22.59,20.00,5,20.00,10,
INE692A01016,UNIONBANK,532477,17.65,20.00,5,20.00,10,
INE244O01017,UNIPARTS,543689,19.26,20.00,5,20.00,10,
INE854D01024,UNITDSPR,532432,13.17,20.00,5,20.00,10,
INE279A01012,UNIVCABLES,504212,27.87,20.00,5,20.00,10,
INE405E01023,UNOMINDA,532539,17.13,20.00,5,20.00,10,
INE628A01036,UPL,512070,16.82,20.00,5,20.00,10,
INE0CAZ01013,URBANCO,544515,18.32,20.00,5,20.00,10,
INE550C01020,URJA,526987,20.98,20.00,5,20.00,10,
INE228A01035,USHAMART,517146,17.78,20.00,5,20.00,10,
INE094J01016,UTIAMC,543238,16.22,20.00,5,20.00,10,
INE735W01017,UTKARSHBNK,543942,21.14,20.00,5,20.00,10,
INE12UR01024,UTLSOLAR,544613,18.25,20.00,5,20.00,10,
INE786F01031,UTTAMSUGAR,532729,19.77,20.00,5,20.00,10,
INE945H01021,V2RETAIL,532867,20.58,20.00,5,20.00,10,
INE694D01016,VADILALIND,519156,20.65,20.00,5,20.00,10,
INE884A01027,VAIBHAVGBL,532156,21.05,20.00,5,20.00,10,
INE1CDF01017,VAML,544780,12.50,20.00,5,20.00,10,
INE665L01035,VARROC,541578,18.93,20.00,5,20.00,10,
INE200M01039,VBL,540180,16.08,20.00,5,20.00,10,
INE205A01025,VEDL,500295,18.17,20.00,5,20.00,10,
INE694L01019,VEDPOWER,544781,13.22,20.00,5,20.00,10,
INE484C01030,VEEDOL,590005,14.09,20.00,5,20.00,10,
INE398A01010,VENKEYS,523261,18.01,20.00,5,20.00,10,
INE781S01027,VENTIVE,544321,15.16,20.00,5,20.00,10,
INE0JA001018,VENUSPIPES,543528,21.60,20.00,5,20.00,10,
INE0IQ001011,VERANDA,543514,26.04,20.00,5,20.00,10,
INE386A01023,VESUVIUS,520113,17.22,20.00,5,20.00,10,
INE951I01027,VGUARD,532953,13.58,20.00,5,20.00,10,
INE632C01026,VIDHIING,531717,18.53,20.00,5,20.00,10,
INE14UN01029,VIDYAWIRES,544633,19.05,20.00,5,20.00,10,
INE043W01024,VIJAYA,543350,18.65,20.00,5,20.00,10,
INE078V01014,VIKRAMSOLR,544488,18.96,20.00,5,20.00,10,
INE01R501028,VIKRAN,544496,20.45,20.00,5,20.00,10,
INE579C01029,VIMTALABS,524394,26.04,20.00,5,20.00,10,
INE410B01037,VINATIORGA,524200,13.57,20.00,5,20.00,10,
INE498Q01014,VINCOFE,538920,20.55,20.00,5,20.00,10,
INE707A01012,VINDHYATEL,517015,27.53,20.00,5,20.00,10,
INE054A01027,VIPIND,507880,19.22,20.00,5,20.00,10,
INE392A01021,VISAKAIND,509055,20.72,20.00,5,20.00,10,
INE270I01022,VISHNU,516072,18.08,20.00,5,20.00,10,
INE1CLE01013,VISL,544784,15.92,20.00,5,20.00,10,
INE807F01027,VIYASH,512529,21.84,20.00,5,20.00,10,
INE665J01013,VMART,534976,19.29,20.00,5,20.00,10,
INE01EA01019,VMM,544307,15.27,20.00,5,20.00,10,
INE0I0T01010,VOEPL,543597,27.47,20.00,5,20.00,10,
INE704J01044,VOGL,544782,19.03,20.00,5,20.00,10,
INE540H01012,VOLTAMP,532757,21.74,20.00,5,20.00,10,
INE226A01021,VOLTAS,500575,16.35,20.00,5,20.00,10,
INE0S2V01010,VRAJ,544204,18.91,20.00,5,20.00,10,
INE366I01010,VRLLOG,539118,15.48,20.00,5,20.00,10,
INE050M01012,VSSL,534392,18.60,20.00,5,20.00,10,
INE710A01016,VSTIND,509966,14.88,20.00,5,20.00,10,
INE764D01017,VSTTILLERS,531266,16.34,20.00,5,20.00,10,
INE825A01020,VTL,502986,17.54,20.00,5,20.00,10,
INE377N01017,WAAREEENER,544277,19.75,20.00,5,20.00,10,
INE866K01023,WAAREEINDO,533257,21.89,20.00,5,20.00,10,
INE299N01021,WAAREERTL,534618,22.09,20.00,5,20.00,10,
INE956G01038,WABAG,533269,21.20,20.00,5,20.00,10,
INE0E7301029,WAKEFIT,544642,19.02,20.00,5,20.00,10,
INE711A01022,WALCHANNAG,507410,28.30,20.00,5,20.00,10,
INE107F01022,WANBURY,524212,25.97,20.00,5,20.00,10,
INE855C01023,WEBELSOLAR,517498,27.86,20.00,5,20.00,10,
INE02WG01024,WEL,543449,25.38,20.00,5,20.00,10,
INE191B01025,WELCORP,532144,19.20,20.00,5,20.00,10,
INE625G01013,WELENT,532553,18.32,20.00,5,20.00,10,
INE731F01037,WELSPLSOL,500365,23.04,20.00,5,20.00,10,
INE192B01031,WELSPUNLIV,514162,22.09,20.00,5,20.00,10,
INE274C01019,WENDT,505412,19.81,20.00,5,20.00,10,
INE274F01020,WESTLIFE,505533,19.64,20.00,5,20.00,10,
INE085001019,WEWORK,544570,17.01,20.00,5,20.00,10,
INE715A01015,WHEELS,590073,21.59,20.00,5,20.00,10,
INE716A01013,WHIRLPOOL,500238,17.94,20.00,5,20.00,10,
INE0H5O01029,WINDLAS,543329,18.55,20.00,5,20.00,10,
INE052A01021,WINDMACHIN,522029,22.93,20.00,5,20.00,10,
INE075A01022,WIPRO,507685,13.95,20.00,5,20.00,10,
INE049B01025,WOCKPHARMA,532300,24.45,20.00,5,20.00,10,
INE066O01014,WONDERLA,538268,15.35,20.00,5,20.00,10,
INE765D01022,WPIL,505872,22.71,20.00,5,20.00,10,
INE976A01021,WSTCSTPAPR,500444,18.21,20.00,5,20.00,10,
INE445C01015,XPROINDIA,590013,24.28,20.00,5,20.00,10,
INE616Z01012,YASHO,541167,26.70,20.00,5,20.00,10,
INE0JO301016,YATHARTH,543950,18.32,20.00,5,20.00,10,
INE0JR601024,YATRA,543992,26.91,20.00,5,20.00,10,
INE528G01035,YESBANK,532648,15.77,20.00,5,20.00,10,
INE07K301024,ZAGGLE,543985,25.85,20.00,5,20.00,10,
INE256A01028,ZEEL,505537,23.79,20.00,5,20.00,10,
INE966H01019,ZEEMEDIA,532794,23.01,20.00,5,20.00,10,
INE520A01027,ZENSARTECH,504067,20.43,20.00,5,20.00,10,
INE251B01027,ZENTEC,533339,21.46,20.00,5,20.00,10,
INE342J01019,ZFCVINDIA,533023,16.09,20.00,5,20.00,10,
INE358U01012,ZOTA,203811,21.22,20.00,5,20.00,10,
INE840M01016,ZUARI,534742,23.03,20.00,5,20.00,10,
INE010B01027,ZYDUSLIFE,532321,12.62,20.00,5,20.00,10,
INE768C01028,ZYDUSWELL,531335,18.61,20.00,5,20.00,10,
INE0XNF01022,ARDEE,544860,18.61,20.00,5,20.00,10,
INE1D0W01018,TECHNOCRAF,544864,18.61,20.00,5,20.00,10,
INE00GO01025,LEAPIND,544865,18.61,20.00,5,20.00,10,
,,Not listed in BSE,100.00,100.00,1,100.00,10,
